{"stat.useItem.minecraft.bow":24,"stat.pickup.minecraft.wooden_slab":30,"stat.leaveGame":3,"stat.craftItem.minecraft.iron_axe":2,"stat.mineBlock.minecraft.stained_glass":6,"stat.useItem.minecraft.planks":287,"stat.craftItem.minecraft.shield":1,"stat.mineBlock.minecraft.web":5,"stat.useItem.minecraft.water_bucket":15,"stat.pickup.minecraft.rotten_flesh":320,"stat.craftItem.minecraft.stone_axe":7,"stat.pickup.minecraft.cobblestone_wall":343,"stat.pickup.minecraft.bucket":1,"stat.killEntity.Enderman":4,"stat.mineBlock.minecraft.wooden_slab":31,"stat.craftItem.minecraft.cobblestone_wall":402,"stat.craftItem.minecraft.stone_sword":3,"stat.useItem.minecraft.anvil":2,"stat.useItem.minecraft.ender_pearl":1,"stat.killEntity.Witch":5,"stat.craftItem.minecraft.cooked_fish":52,"stat.useItem.minecraft.iron_pickaxe":520,"stat.pickup.minecraft.stained_hardened_clay":70,"stat.craftItem.minecraft.wooden_pickaxe":1,"stat.craftItem.minecraft.bed":3,"stat.mineBlock.minecraft.vine":16,"stat.mineBlock.mw.graphiteore":1,"stat.furnaceInteraction":103,"stat.killEntity.ZombieVillager":8,"stat.pickup.minecraft.furnace":3,"stat.pickup.minecraft.cauldron":1,"stat.mineBlock.minecraft.stained_hardened_clay":82,"stat.useItem.minecraft.trapdoor":1,"stat.pickup.minecraft.iron_chestplate":1,"stat.pickup.minecraft.potion":2,"stat.useItem.minecraft.wheat_seeds":5,"stat.drop.minecraft.cooked_fish":6,"stat.useItem.minecraft.dye":138,"stat.deaths":1,"stat.playOneMinute":330025,"stat.craftItem.minecraft.iron_pickaxe":2,"stat.drop.minecraft.torch":1,"stat.fishCaught":10,"stat.mineBlock.minecraft.tallgrass":2,"stat.chestOpened":56,"stat.pickup.minecraft.pumpkin":4,"stat.pickup.minecraft.arrow":44,"stat.craftItem.minecraft.coal":32,"stat.fallOneCm":40432,"stat.pickup.minecraft.carrot":43,"stat.crouchOneCm":32679,"stat.mineBlock.minecraft.chest":2,"stat.craftItem.minecraft.chest":1,"stat.craftItem.minecraft.iron_ingot":8,"stat.drop.minecraft.slime_ball":6,"stat.craftingTableInteraction":62,"stat.pickup.minecraft.planks":100,"stat.pickup.minecraft.iron_leggings":1,"stat.pickup.minecraft.wheat_seeds":13,"stat.useItem.minecraft.stone_pickaxe":494,"stat.useItem.minecraft.stone_sword":391,"stat.mineBlock.minecraft.dirt":130,"stat.useItem.minecraft.torch":26,"stat.useItem.minecraft.bread":3,"stat.pickup.minecraft.brewing_stand":3,"stat.drop.minecraft.rotten_flesh":1,"stat.useItem.minecraft.log":3,"stat.pickup.minecraft.crafting_table":7,"stat.useItem.minecraft.cobblestone":31,"stat.craftItem.minecraft.crafting_table":3,"stat.pickup.minecraft.log":308,"stat.useItem.minecraft.cooked_fish":50,"stat.pickup.minecraft.iron_pickaxe":1,"stat.pickup.minecraft.tipped_arrow":1,"stat.pickup.minecraft.sapling":59,"stat.pickup.minecraft.apple":7,"stat.drop.minecraft.bow":1,"stat.drop.minecraft.fish":2,"stat.craftItem.minecraft.bucket":2,"stat.craftItem.minecraft.planks":748,"stat.useItem.minecraft.iron_sword":669,"stat.craftItem.minecraft.fishing_rod":1,"stat.pickup.minecraft.book":18,"stat.useItem.minecraft.stonebrick":8,"stat.mineBlock.minecraft.log":314,"stat.sneakTime":12314,"stat.mineBlock.minecraft.cobblestone_wall":354,"stat.drop.minecraft.bucket":1,"stat.useItem.minecraft.baked_potato":26,"stat.pickup.minecraft.cooked_fish":4,"stat.useItem.minecraft.wooden_axe":70,"stat.pickup.minecraft.stone_slab":35,"stat.useItem.minecraft.brewing_stand":2,"stat.useItem.minecraft.fishing_rod":58,"stat.pickup.minecraft.chest":2,"stat.pickup.minecraft.bone":53,"stat.pickup.mw.graphitechunk":1,"stat.useItem.minecraft.iron_axe":287,"stat.mineBlock.minecraft.cobblestone":7,"stat.craftItem.minecraft.wool":9,"stat.mineBlock.minecraft.stained_glass_pane":47,"stat.swimOneCm":36602,"stat.climbOneCm":9502,"stat.drop.minecraft.cobblestone":1,"stat.useItem.minecraft.dirt":112,"stat.useItem.minecraft.stone_slab2":128,"stat.pickup.minecraft.bow":1,"stat.pickup.minecraft.iron_boots":1,"stat.craftItem.minecraft.furnace":4,"stat.pickup.minecraft.anvil":4,"stat.craftItem.minecraft.trapdoor":2,"stat.craftItem.minecraft.stone_pickaxe":4,"stat.pickup.minecraft.cobblestone":399,"stat.craftItem.minecraft.bow":1,"stat.useItem.minecraft.stone_shovel":91,"stat.flyOneCm":437443,"stat.pickup.minecraft.sandstone":1,"stat.pickup.minecraft.glass_bottle":4,"stat.pickup.minecraft.fish":12,"stat.drop.minecraft.wheat_seeds":1,"stat.craftItem.minecraft.wooden_slab":816,"stat.pickup.minecraft.redstone":2,"stat.mineBlock.minecraft.iron_ore":17,"stat.timeSinceDeath":286770,"stat.useItem.minecraft.wooden_slab":658,"stat.useItem.minecraft.potato":29,"stat.pickup.minecraft.stonebrick":24,"stat.pickup.minecraft.trapdoor":1,"stat.mineBlock.minecraft.coal_ore":9,"stat.pickup.minecraft.shield":2,"stat.pickup.minecraft.string":51,"stat.mineBlock.minecraft.ladder":3,"stat.craftItem.minecraft.stone_slab2":0,"stat.sprintOneCm":652525,"stat.mineBlock.minecraft.stone_slab":22,"stat.craftItem.minecraft.stick":56,"stat.craftItem.minecraft.wooden_axe":2,"stat.mineBlock.minecraft.crafting_table":7,"stat.useItem.minecraft.carrot":17,"stat.useItem.minecraft.bucket":17,"stat.mineBlock.minecraft.planks":114,"stat.drop":25,"stat.pickup.minecraft.slime_ball":6,"stat.killEntity.Zombie":291,"stat.craftItem.minecraft.dye":165,"stat.mineBlock.minecraft.gold_ore":7,"stat.diveOneCm":25209,"stat.pickup.minecraft.wheat":5,"stat.useItem.minecraft.glass_bottle":1,"stat.mineBlock.minecraft.anvil":4,"stat.useItem.minecraft.apple":7,"stat.useItem.minecraft.potion":2,"stat.useItem.minecraft.rotten_flesh":214,"stat.jump":3135,"stat.pickup.minecraft.coal":14,"stat.pickup.minecraft.iron_helmet":1,"stat.pickup.minecraft.iron_ingot":6,"stat.useItem.minecraft.stone_axe":615,"stat.craftItem.minecraft.bread":2,"stat.pickup.minecraft.spider_eye":13,"stat.craftItem.minecraft.torch":4,"stat.pickup.minecraft.dirt":121,"stat.mineBlock.mw.leadore":1,"stat.pickup.minecraft.iron_ore":17,"stat.useItem.minecraft.sapling":24,"stat.pickup.minecraft.gold_ore":7,"stat.mineBlock.minecraft.leaves2":1,"stat.mineBlock.minecraft.glass_pane":4,"stat.damageTaken":8538,"stat.mineBlock.minecraft.furnace":3,"stat.mineBlock.minecraft.torch":34,"stat.mineBlock.minecraft.sapling":6,"stat.pickup.minecraft.potato":77,"stat.entityKilledBy.Zombie":1,"stat.damageDealt":71992,"stat.craftItem.minecraft.baked_potato":26,"stat.useItem.minecraft.crafting_table":2,"stat.craftItem.minecraft.iron_sword":3,"stat.craftItem.minecraft.stone_shovel":1,"stat.walkOneCm":1055821,"stat.pickup.minecraft.stick":5,"stat.useItem.minecraft.gold_ore":1,"stat.pickup.minecraft.stone":52,"stat.drop.minecraft.potato":4,"stat.useItem.minecraft.stained_hardened_clay":51,"stat.pickup.minecraft.ender_pearl":2,"stat.pickup.minecraft.ladder":3,"stat.killEntity.Skeleton":34,"stat.mineBlock.minecraft.stonebrick":28,"stat.killEntity.Spider":37,"stat.pickup.minecraft.bread":1,"stat.mobKills":374,"stat.mineBlock.minecraft.bookshelf":6,"stat.useItem.minecraft.cobblestone_wall":660,"stat.mineBlock.minecraft.leaves":167,"stat.pickup.minecraft.iron_horse_armor":1,"stat.pickup.minecraft.torch":38,"stat.mineBlock.minecraft.redstone_ore":8,"stat.drop.minecraft.arrow":1,"stat.mineBlock.minecraft.stone":429}