{"stat.useItem.minecraft.bow":24,"stat.useItem.minecraft.quartz_block":5,"stat.pickup.minecraft.wooden_slab":41,"stat.leaveGame":4,"stat.craftItem.minecraft.iron_axe":3,"stat.mineBlock.minecraft.stained_glass":6,"stat.killEntity.PigZombie":6,"stat.useItem.minecraft.planks":294,"stat.craftItem.minecraft.shield":1,"stat.mineBlock.minecraft.web":8,"stat.useItem.minecraft.water_bucket":44,"stat.mineBlock.minecraft.stone_brick_stairs":40,"stat.pickup.minecraft.rotten_flesh":586,"stat.craftItem.minecraft.stone_axe":7,"stat.pickup.minecraft.name_tag":2,"stat.pickup.minecraft.cobblestone_wall":424,"stat.pickup.minecraft.bucket":1,"stat.killEntity.Enderman":13,"stat.mineBlock.minecraft.wooden_slab":31,"stat.craftItem.minecraft.cobblestone_wall":774,"stat.craftItem.minecraft.stone_sword":3,"stat.useItem.minecraft.anvil":2,"stat.useItem.minecraft.ender_pearl":5,"stat.killEntity.Witch":9,"stat.craftItem.minecraft.cooked_fish":77,"stat.hopperInspected":2,"stat.useItem.minecraft.iron_pickaxe":2347,"stat.pickup.minecraft.stained_hardened_clay":92,"stat.craftItem.minecraft.wooden_pickaxe":1,"stat.craftItem.minecraft.bed":3,"stat.trappedChestTriggered":1,"stat.mineBlock.minecraft.vine":85,"stat.mineBlock.mw.graphiteore":1,"stat.craftItem.minecraft.golden_carrot":43,"stat.furnaceInteraction":156,"stat.useItem.minecraft.golden_carrot":35,"stat.killEntity.ZombieVillager":19,"stat.pickup.minecraft.furnace":4,"stat.pickup.minecraft.cauldron":2,"stat.mineBlock.minecraft.stained_hardened_clay":111,"stat.useItem.minecraft.trapdoor":1,"stat.pickup.minecraft.iron_chestplate":1,"stat.pickup.minecraft.potion":2,"stat.useItem.minecraft.flint_and_steel":1,"stat.useItem.minecraft.wheat_seeds":5,"stat.drop.minecraft.cooked_fish":6,"stat.useItem.minecraft.dye":200,"stat.deaths":1,"stat.playOneMinute":733558,"stat.craftItem.minecraft.iron_pickaxe":9,"stat.drop.minecraft.chest":1,"stat.pickup.minecraft.iron_bars":119,"stat.drop.minecraft.torch":1,"stat.fishCaught":10,"stat.mineBlock.minecraft.tallgrass":20,"stat.chestOpened":245,"stat.pickup.minecraft.pumpkin":4,"stat.pickup.minecraft.spruce_door":1,"stat.useItem.minecraft.stone":15,"stat.pickup.minecraft.arrow":44,"stat.pickup.minecraft.iron_sword":2,"stat.pickup.minecraft.gold_nugget":1,"stat.craftItem.minecraft.coal":39,"stat.fallOneCm":99916,"stat.drop.minecraft.dye":8,"stat.pickup.minecraft.carrot":107,"stat.crouchOneCm":51412,"stat.mineBlock.minecraft.chest":3,"stat.craftItem.minecraft.chest":6,"stat.craftItem.minecraft.iron_ingot":67,"stat.drop.minecraft.slime_ball":6,"stat.craftingTableInteraction":111,"stat.mineBlock.minecraft.log2":1,"stat.pickup.minecraft.planks":144,"stat.pickup.minecraft.iron_leggings":1,"stat.pickup.minecraft.wheat_seeds":21,"stat.mineBlock.minecraft.gravel":27,"stat.useItem.minecraft.stone_pickaxe":2411,"stat.useItem.minecraft.stone_sword":391,"stat.mineBlock.minecraft.dirt":343,"stat.pickup.minecraft.poisonous_potato":1,"stat.mineBlock.minecraft.monster_egg":2,"stat.useItem.minecraft.torch":77,"stat.useItem.minecraft.bread":18,"stat.pickup.minecraft.brewing_stand":3,"stat.drop.minecraft.rotten_flesh":1,"stat.useItem.minecraft.log":3,"stat.pickup.minecraft.crafting_table":8,"stat.useItem.minecraft.cobblestone":97,"stat.craftItem.minecraft.crafting_table":4,"stat.useItem.minecraft.gravel":12,"stat.pickup.minecraft.log":497,"stat.useItem.minecraft.cooked_fish":75,"stat.pickup.minecraft.iron_pickaxe":2,"stat.craftItem.minecraft.gold_ingot":23,"stat.pickup.minecraft.tipped_arrow":1,"stat.pickup.minecraft.sapling":93,"stat.pickup.minecraft.wooden_door":4,"stat.pickup.minecraft.apple":7,"stat.drop.minecraft.bow":1,"stat.drop.minecraft.fish":2,"stat.craftItem.minecraft.bucket":3,"stat.craftItem.minecraft.planks":1032,"stat.useItem.minecraft.iron_sword":2339,"stat.itemEnchanted":7,"stat.craftItem.minecraft.fishing_rod":1,"stat.pickup.minecraft.book":84,"stat.useItem.minecraft.stonebrick":226,"stat.mineBlock.minecraft.log":495,"stat.sneakTime":18838,"stat.mineBlock.minecraft.cobblestone_wall":438,"stat.drop.minecraft.bucket":1,"stat.useItem.minecraft.baked_potato":125,"stat.pickup.minecraft.cooked_fish":4,"stat.useItem.minecraft.wooden_axe":70,"stat.pickup.minecraft.stone_slab":607,"stat.useItem.minecraft.brewing_stand":2,"stat.pickup.minecraft.yellow_flower":1,"stat.useItem.minecraft.fishing_rod":58,"stat.pickup.minecraft.chest":3,"stat.drop.minecraft.stone_pickaxe":1,"stat.pickup.minecraft.bone":53,"stat.pickup.mw.graphitechunk":2,"stat.useItem.minecraft.iron_axe":563,"stat.mineBlock.minecraft.cobblestone":35,"stat.pickup.minecraft.stone_pickaxe":1,"stat.pickup.minecraft.flint":1,"stat.craftItem.minecraft.wool":9,"stat.mineBlock.minecraft.stained_glass_pane":877,"stat.swimOneCm":53915,"stat.climbOneCm":79627,"stat.drop.minecraft.cobblestone":1,"stat.useItem.minecraft.dirt":276,"stat.useItem.minecraft.stone_slab2":209,"stat.pickup.minecraft.bow":1,"stat.pickup.minecraft.iron_boots":1,"stat.craftItem.minecraft.furnace":4,"stat.pickup.minecraft.anvil":4,"stat.craftItem.minecraft.trapdoor":2,"stat.craftItem.minecraft.stone_pickaxe":19,"stat.pickup.minecraft.cobblestone":638,"stat.craftItem.minecraft.bow":1,"stat.useItem.minecraft.stone_shovel":261,"stat.flyOneCm":1431152,"stat.pickup.minecraft.sandstone":1,"stat.pickup.minecraft.glass_bottle":4,"stat.pickup.minecraft.fish":13,"stat.drop.minecraft.wheat_seeds":7,"stat.craftItem.minecraft.wooden_slab":816,"stat.pickup.minecraft.redstone":78,"stat.mineBlock.minecraft.iron_ore":39,"stat.timeSinceDeath":690303,"stat.useItem.minecraft.wooden_slab":658,"stat.useItem.minecraft.potato":29,"stat.pickup.minecraft.stonebrick":2384,"stat.pickup.minecraft.trapdoor":1,"stat.mineBlock.minecraft.coal_ore":12,"stat.pickup.minecraft.shield":3,"stat.pickup.minecraft.string":168,"stat.mineBlock.minecraft.ladder":19,"stat.craftItem.minecraft.stone_slab2":0,"stat.sprintOneCm":1520617,"stat.mineBlock.minecraft.stone_slab":343,"stat.craftItem.minecraft.stick":112,"stat.craftItem.minecraft.wooden_axe":2,"stat.useItem.minecraft.stone_slab":371,"stat.craftItem.minecraft.gold_nugget":378,"stat.mineBlock.minecraft.crafting_table":10,"stat.mineBlock.minecraft.quartz_block":12,"stat.useItem.minecraft.carrot":47,"stat.useItem.minecraft.bucket":55,"stat.pickup.minecraft.sugar":1,"stat.mineBlock.minecraft.planks":156,"stat.drop":43,"stat.pickup.minecraft.slime_ball":981,"stat.killEntity.Zombie":656,"stat.craftItem.minecraft.dye":219,"stat.mineBlock.minecraft.gold_ore":13,"stat.diveOneCm":31311,"stat.pickup.minecraft.wheat":5,"stat.pickup.minecraft.gravel":32,"stat.useItem.minecraft.glass_bottle":1,"stat.mineBlock.minecraft.anvil":4,"stat.useItem.minecraft.apple":7,"stat.useItem.minecraft.potion":3,"stat.useItem.minecraft.rotten_flesh":278,"stat.pickup.minecraft.stone_brick_stairs":40,"stat.jump":8189,"stat.pickup.minecraft.coal":17,"stat.pickup.minecraft.iron_helmet":1,"stat.pickup.minecraft.iron_ingot":7,"stat.useItem.minecraft.stone_axe":615,"stat.craftItem.minecraft.bread":2,"stat.pickup.minecraft.spider_eye":48,"stat.craftItem.minecraft.torch":4,"stat.pickup.minecraft.dirt":316,"stat.mineBlock.mw.leadore":1,"stat.pickup.minecraft.iron_ore":39,"stat.useItem.minecraft.sapling":29,"stat.pickup.minecraft.gold_ore":13,"stat.mineBlock.minecraft.iron_bars":119,"stat.craftItem.minecraft.flint_and_steel":1,"stat.pickup.minecraft.iron_axe":1,"stat.mineBlock.minecraft.leaves2":2,"stat.mineBlock.minecraft.glass_pane":4,"stat.damageTaken":20061,"stat.mineBlock.minecraft.furnace":4,"stat.mineBlock.minecraft.torch":75,"stat.mineBlock.minecraft.sapling":6,"stat.pickup.minecraft.log2":1,"stat.pickup.minecraft.quartz_block":15,"stat.pickup.minecraft.potato":125,"stat.entityKilledBy.Zombie":1,"stat.damageDealt":194518,"stat.craftItem.minecraft.baked_potato":34,"stat.killEntity.Silverfish":4,"stat.useItem.minecraft.crafting_table":2,"stat.craftItem.minecraft.iron_sword":9,"stat.craftItem.minecraft.stone_shovel":2,"stat.walkOneCm":2272319,"stat.useItem.minecraft.chest":1,"stat.pickup.minecraft.stick":5,"stat.useItem.minecraft.gold_ore":1,"stat.useItem.minecraft.lava_bucket":9,"stat.pickup.minecraft.stone":96,"stat.craftItem.minecraft.iron_chestplate":1,"stat.pickup.minecraft.baked_potato":14,"stat.drop.minecraft.potato":6,"stat.useItem.minecraft.stained_hardened_clay":52,"stat.pickup.minecraft.ender_pearl":7,"stat.pickup.minecraft.ladder":22,"stat.pickup.minecraft.gold_ingot":5,"stat.killEntity.Skeleton":34,"stat.mineBlock.minecraft.stonebrick":2675,"stat.killEntity.Spider":169,"stat.pickup.minecraft.bread":16,"stat.mobKills":934,"stat.mineBlock.minecraft.bookshelf":17,"stat.useItem.minecraft.cobblestone_wall":967,"stat.mineBlock.minecraft.leaves":435,"stat.pickup.minecraft.iron_horse_armor":1,"stat.pickup.minecraft.torch":116,"stat.mineBlock.minecraft.redstone_ore":25,"stat.drop.minecraft.arrow":1,"stat.mineBlock.minecraft.stone":764}