{"stat.useItem.minecraft.bow":24,"stat.pickup.minecraft.wooden_slab":30,"stat.leaveGame":3,"stat.craftItem.minecraft.iron_axe":2,"stat.mineBlock.minecraft.stained_glass":6,"stat.useItem.minecraft.planks":287,"stat.craftItem.minecraft.shield":1,"stat.mineBlock.minecraft.web":7,"stat.useItem.minecraft.water_bucket":17,"stat.pickup.minecraft.rotten_flesh":354,"stat.craftItem.minecraft.stone_axe":7,"stat.pickup.minecraft.cobblestone_wall":353,"stat.pickup.minecraft.bucket":1,"stat.killEntity.Enderman":4,"stat.mineBlock.minecraft.wooden_slab":31,"stat.craftItem.minecraft.cobblestone_wall":402,"stat.craftItem.minecraft.stone_sword":3,"stat.useItem.minecraft.anvil":2,"stat.useItem.minecraft.ender_pearl":1,"stat.killEntity.Witch":6,"stat.craftItem.minecraft.cooked_fish":52,"stat.useItem.minecraft.iron_pickaxe":902,"stat.pickup.minecraft.stained_hardened_clay":70,"stat.craftItem.minecraft.wooden_pickaxe":1,"stat.craftItem.minecraft.bed":3,"stat.mineBlock.minecraft.vine":16,"stat.mineBlock.mw.graphiteore":1,"stat.craftItem.minecraft.golden_carrot":20,"stat.furnaceInteraction":118,"stat.useItem.minecraft.golden_carrot":12,"stat.killEntity.ZombieVillager":9,"stat.pickup.minecraft.furnace":3,"stat.pickup.minecraft.cauldron":1,"stat.mineBlock.minecraft.stained_hardened_clay":82,"stat.useItem.minecraft.trapdoor":1,"stat.pickup.minecraft.iron_chestplate":1,"stat.pickup.minecraft.potion":2,"stat.useItem.minecraft.wheat_seeds":5,"stat.drop.minecraft.cooked_fish":6,"stat.useItem.minecraft.dye":153,"stat.deaths":1,"stat.playOneMinute":366925,"stat.craftItem.minecraft.iron_pickaxe":3,"stat.drop.minecraft.torch":1,"stat.fishCaught":10,"stat.mineBlock.minecraft.tallgrass":2,"stat.chestOpened":65,"stat.pickup.minecraft.pumpkin":4,"stat.useItem.minecraft.stone":15,"stat.pickup.minecraft.arrow":44,"stat.pickup.minecraft.iron_sword":1,"stat.craftItem.minecraft.coal":32,"stat.fallOneCm":45882,"stat.drop.minecraft.dye":8,"stat.pickup.minecraft.carrot":61,"stat.crouchOneCm":32808,"stat.mineBlock.minecraft.chest":2,"stat.craftItem.minecraft.chest":1,"stat.craftItem.minecraft.iron_ingot":16,"stat.drop.minecraft.slime_ball":6,"stat.craftingTableInteraction":70,"stat.pickup.minecraft.planks":103,"stat.pickup.minecraft.iron_leggings":1,"stat.pickup.minecraft.wheat_seeds":15,"stat.useItem.minecraft.stone_pickaxe":494,"stat.useItem.minecraft.stone_sword":391,"stat.mineBlock.minecraft.dirt":138,"stat.mineBlock.minecraft.monster_egg":1,"stat.useItem.minecraft.torch":27,"stat.useItem.minecraft.bread":3,"stat.pickup.minecraft.brewing_stand":3,"stat.drop.minecraft.rotten_flesh":1,"stat.useItem.minecraft.log":3,"stat.pickup.minecraft.crafting_table":7,"stat.useItem.minecraft.cobblestone":44,"stat.craftItem.minecraft.crafting_table":3,"stat.pickup.minecraft.log":308,"stat.useItem.minecraft.cooked_fish":50,"stat.pickup.minecraft.iron_pickaxe":2,"stat.craftItem.minecraft.gold_ingot":12,"stat.pickup.minecraft.tipped_arrow":1,"stat.pickup.minecraft.sapling":59,"stat.pickup.minecraft.apple":7,"stat.drop.minecraft.bow":1,"stat.drop.minecraft.fish":2,"stat.craftItem.minecraft.bucket":2,"stat.craftItem.minecraft.planks":748,"stat.useItem.minecraft.iron_sword":904,"stat.craftItem.minecraft.fishing_rod":1,"stat.pickup.minecraft.book":84,"stat.useItem.minecraft.stonebrick":14,"stat.mineBlock.minecraft.log":314,"stat.sneakTime":12369,"stat.mineBlock.minecraft.cobblestone_wall":364,"stat.drop.minecraft.bucket":1,"stat.useItem.minecraft.baked_potato":26,"stat.pickup.minecraft.cooked_fish":4,"stat.useItem.minecraft.wooden_axe":70,"stat.pickup.minecraft.stone_slab":38,"stat.useItem.minecraft.brewing_stand":2,"stat.useItem.minecraft.fishing_rod":58,"stat.pickup.minecraft.chest":2,"stat.pickup.minecraft.bone":53,"stat.pickup.mw.graphitechunk":2,"stat.useItem.minecraft.iron_axe":298,"stat.mineBlock.minecraft.cobblestone":8,"stat.craftItem.minecraft.wool":9,"stat.mineBlock.minecraft.stained_glass_pane":79,"stat.swimOneCm":37306,"stat.climbOneCm":15244,"stat.drop.minecraft.cobblestone":1,"stat.useItem.minecraft.dirt":112,"stat.useItem.minecraft.stone_slab2":134,"stat.pickup.minecraft.bow":1,"stat.pickup.minecraft.iron_boots":1,"stat.craftItem.minecraft.furnace":4,"stat.pickup.minecraft.anvil":4,"stat.craftItem.minecraft.trapdoor":2,"stat.craftItem.minecraft.stone_pickaxe":4,"stat.pickup.minecraft.cobblestone":585,"stat.craftItem.minecraft.bow":1,"stat.useItem.minecraft.stone_shovel":97,"stat.flyOneCm":526207,"stat.pickup.minecraft.sandstone":1,"stat.pickup.minecraft.glass_bottle":4,"stat.pickup.minecraft.fish":12,"stat.drop.minecraft.wheat_seeds":3,"stat.craftItem.minecraft.wooden_slab":816,"stat.pickup.minecraft.redstone":78,"stat.mineBlock.minecraft.iron_ore":34,"stat.timeSinceDeath":323670,"stat.useItem.minecraft.wooden_slab":658,"stat.useItem.minecraft.potato":29,"stat.pickup.minecraft.stonebrick":38,"stat.pickup.minecraft.trapdoor":1,"stat.mineBlock.minecraft.coal_ore":12,"stat.pickup.minecraft.shield":3,"stat.pickup.minecraft.string":77,"stat.mineBlock.minecraft.ladder":10,"stat.craftItem.minecraft.stone_slab2":0,"stat.sprintOneCm":787116,"stat.mineBlock.minecraft.stone_slab":24,"stat.craftItem.minecraft.stick":60,"stat.craftItem.minecraft.wooden_axe":2,"stat.craftItem.minecraft.gold_nugget":162,"stat.mineBlock.minecraft.crafting_table":7,"stat.useItem.minecraft.carrot":25,"stat.useItem.minecraft.bucket":19,"stat.pickup.minecraft.sugar":1,"stat.mineBlock.minecraft.planks":114,"stat.drop":35,"stat.pickup.minecraft.slime_ball":209,"stat.killEntity.Zombie":328,"stat.craftItem.minecraft.dye":165,"stat.mineBlock.minecraft.gold_ore":13,"stat.diveOneCm":25209,"stat.pickup.minecraft.wheat":5,"stat.useItem.minecraft.glass_bottle":1,"stat.mineBlock.minecraft.anvil":4,"stat.useItem.minecraft.apple":7,"stat.useItem.minecraft.potion":2,"stat.useItem.minecraft.rotten_flesh":214,"stat.jump":3789,"stat.pickup.minecraft.coal":17,"stat.pickup.minecraft.iron_helmet":1,"stat.pickup.minecraft.iron_ingot":6,"stat.useItem.minecraft.stone_axe":615,"stat.craftItem.minecraft.bread":2,"stat.pickup.minecraft.spider_eye":23,"stat.craftItem.minecraft.torch":4,"stat.pickup.minecraft.dirt":121,"stat.mineBlock.mw.leadore":1,"stat.pickup.minecraft.iron_ore":34,"stat.useItem.minecraft.sapling":24,"stat.pickup.minecraft.gold_ore":13,"stat.mineBlock.minecraft.leaves2":1,"stat.mineBlock.minecraft.glass_pane":4,"stat.damageTaken":9408,"stat.mineBlock.minecraft.furnace":3,"stat.mineBlock.minecraft.torch":37,"stat.mineBlock.minecraft.sapling":6,"stat.pickup.minecraft.potato":77,"stat.entityKilledBy.Zombie":1,"stat.damageDealt":87401,"stat.craftItem.minecraft.baked_potato":26,"stat.useItem.minecraft.crafting_table":2,"stat.craftItem.minecraft.iron_sword":4,"stat.craftItem.minecraft.stone_shovel":1,"stat.walkOneCm":1182630,"stat.pickup.minecraft.stick":5,"stat.useItem.minecraft.gold_ore":1,"stat.pickup.minecraft.stone":95,"stat.drop.minecraft.potato":4,"stat.useItem.minecraft.stained_hardened_clay":51,"stat.pickup.minecraft.ender_pearl":2,"stat.pickup.minecraft.ladder":7,"stat.killEntity.Skeleton":34,"stat.mineBlock.minecraft.stonebrick":42,"stat.killEntity.Spider":67,"stat.pickup.minecraft.bread":1,"stat.mobKills":443,"stat.mineBlock.minecraft.bookshelf":17,"stat.useItem.minecraft.cobblestone_wall":675,"stat.mineBlock.minecraft.leaves":167,"stat.pickup.minecraft.iron_horse_armor":1,"stat.pickup.minecraft.torch":54,"stat.mineBlock.minecraft.redstone_ore":25,"stat.drop.minecraft.arrow":1,"stat.mineBlock.minecraft.stone":725}