{"stat.useItem.minecraft.bow":9,"stat.pickup.minecraft.wooden_slab":1,"stat.craftItem.mw.steeldust":4,"stat.leaveGame":35,"stat.useItem.minecraft.bookshelf":10,"stat.mineBlock.minecraft.stained_glass":29,"stat.pickup.minecraft.fishing_rod":2,"stat.useItem.minecraft.planks":65,"stat.craftItem.minecraft.shield":2,"stat.mineBlock.minecraft.web":3,"stat.pickup.minecraft.glowstone_dust":3,"stat.craftItem.mw.gunmetalingot":36,"stat.pickup.minecraft.rotten_flesh":126,"stat.entityKilledBy.Spider":1,"stat.craftItem.minecraft.stone_axe":2,"stat.pickup.minecraft.cobblestone_wall":5,"stat.pickup.mw.leadore":68,"stat.killEntity.Enderman":4,"stat.craftItem.mw.carbonfiber":30,"stat.craftItem.minecraft.stone_sword":1,"stat.useItem.minecraft.ender_pearl":1,"stat.killEntity.Witch":2,"stat.craftItem.mw.copperingot":59,"stat.craftItem.minecraft.cooked_fish":12,"stat.craftItem.mw.tiningot":85,"stat.hopperInspected":1,"stat.useItem.minecraft.iron_pickaxe":2620,"stat.pickup.minecraft.stained_hardened_clay":19,"stat.craftItem.minecraft.wooden_pickaxe":1,"stat.trappedChestTriggered":1,"stat.mineBlock.mw.copperore":72,"stat.mineBlock.minecraft.vine":6,"stat.mineBlock.mw.graphiteore":59,"stat.furnaceInteraction":203,"stat.killEntity.ZombieVillager":2,"stat.craftItem.mw.stanag100":2,"stat.pickup.minecraft.furnace":1,"stat.pickup.minecraft.cauldron":1,"stat.mineBlock.minecraft.stained_hardened_clay":21,"stat.drop.minecraft.fishing_rod":1,"stat.craftItem.minecraft.gunpowder":32,"stat.craftItem.mw.syntheticpolymercomposite":27,"stat.deaths":6,"stat.playOneMinute":474290,"stat.craftItem.minecraft.iron_pickaxe":14,"stat.craftItem.mw.steyr_aug_a1":1,"stat.drop.minecraft.torch":3,"stat.fishCaught":1,"stat.mineBlock.minecraft.tallgrass":1,"stat.chestOpened":128,"stat.pickup.minecraft.pumpkin":4,"stat.useItem.minecraft.stone":11,"stat.pickup.minecraft.arrow":22,"stat.pickup.minecraft.lapis_ore":1,"stat.craftItem.minecraft.coal":23,"stat.drop.minecraft.iron_pickaxe":2,"stat.fallOneCm":39963,"stat.pickup.minecraft.carrot":2,"stat.craftItem.mw.bullet556x45":184,"stat.crouchOneCm":50625,"stat.craftItem.minecraft.diamond":1,"stat.craftItem.minecraft.iron_ingot":143,"stat.craftItem.minecraft.chest":3,"stat.craftingTableInteraction":81,"stat.craftItem.mw.syntheticplastic":9,"stat.drop.minecraft.bone":2,"stat.useItem.minecraft.furnace":6,"stat.craftItem.minecraft.wooden_sword":1,"stat.pickup.minecraft.dye":8,"stat.pickup.minecraft.planks":17,"stat.pickup.minecraft.wheat_seeds":2,"stat.mineBlock.minecraft.gravel":20,"stat.useItem.minecraft.stone_pickaxe":338,"stat.useItem.minecraft.stone_sword":137,"stat.craftItem.minecraft.iron_leggings":3,"stat.pickup.minecraft.redstone_ore":1,"stat.mineBlock.minecraft.dirt":71,"stat.craftItem.mw.steelingot":4,"stat.useItem.minecraft.torch":484,"stat.pickup.mw.copperore":71,"stat.drop.minecraft.rotten_flesh":2,"stat.pickup.minecraft.crafting_table":2,"stat.useItem.minecraft.cobblestone":264,"stat.craftItem.minecraft.crafting_table":3,"stat.pickup.minecraft.log":108,"stat.useItem.minecraft.cooked_fish":17,"stat.pickup.minecraft.iron_pickaxe":1,"stat.craftItem.minecraft.gold_ingot":11,"stat.pickup.minecraft.sapling":3,"stat.entityKilledBy.Enderman":1,"stat.craftItem.minecraft.planks":304,"stat.pickup.mw.tinore":85,"stat.useItem.minecraft.iron_sword":391,"stat.craftItem.minecraft.fishing_rod":1,"stat.useItem.minecraft.stonebrick":1,"stat.pickup.minecraft.book":48,"stat.mineBlock.minecraft.log":32,"stat.pickup.minecraft.red_flower":1,"stat.sneakTime":17421,"stat.mineBlock.minecraft.cobblestone_wall":5,"stat.useItem.minecraft.baked_potato":77,"stat.pickup.minecraft.cooked_fish":5,"stat.useItem.minecraft.wooden_axe":22,"stat.pickup.minecraft.stone_slab":23,"stat.useItem.minecraft.fishing_rod":4,"stat.craftItem.mw.leadingot":38,"stat.pickup.minecraft.bone":6,"stat.craftItem.mw.plasticplate":3,"stat.pickup.mw.graphitechunk":60,"stat.mineBlock.minecraft.pumpkin":4,"stat.mineBlock.minecraft.cobblestone":19,"stat.pickup.minecraft.flint":4,"stat.mineBlock.minecraft.stained_glass_pane":9,"stat.pickup.mw.sulfurdust":110,"stat.swimOneCm":44960,"stat.climbOneCm":22841,"stat.pickup.minecraft.enchanted_book":2,"stat.mineBlock.mw.sulfurore":110,"stat.useItem.minecraft.dirt":30,"stat.useItem.minecraft.stone_slab2":68,"stat.pickup.minecraft.bow":1,"stat.craftItem.minecraft.furnace":8,"stat.pickup.minecraft.enchanting_table":1,"stat.craftItem.minecraft.iron_boots":3,"stat.pickup.minecraft.anvil":1,"stat.pickup.minecraft.coal_ore":2,"stat.craftItem.minecraft.stone_pickaxe":3,"stat.pickup.minecraft.cobblestone":1748,"stat.useItem.minecraft.stone_shovel":70,"stat.flyOneCm":462729,"stat.pickup.minecraft.fish":7,"stat.mineBlock.mw.tinore":86,"stat.pickup.minecraft.redstone":136,"stat.mineBlock.minecraft.iron_ore":225,"stat.timeSinceDeath":65643,"stat.craftItem.mw.gunmetalplate":3,"stat.craftItem.mw.gunmetalcomposite":36,"stat.useItem.minecraft.potato":1,"stat.pickup.minecraft.stonebrick":43,"stat.mineBlock.minecraft.enchanting_table":1,"stat.mineBlock.minecraft.coal_ore":396,"stat.pickup.minecraft.string":48,"stat.mineBlock.minecraft.ladder":4,"stat.entityKilledBy.Skeleton":2,"stat.craftItem.minecraft.stone_slab2":0,"stat.sprintOneCm":477695,"stat.mineBlock.minecraft.stone_slab":8,"stat.craftItem.minecraft.stick":176,"stat.craftItem.minecraft.wooden_axe":1,"stat.useItem.minecraft.stone_slab":8,"stat.mineBlock.minecraft.diamond_ore":6,"stat.mineBlock.minecraft.crafting_table":2,"stat.useItem.minecraft.diamond_pickaxe":1,"stat.useItem.minecraft.carrot":1,"stat.pickup.minecraft.sugar":1,"stat.mineBlock.minecraft.planks":10,"stat.drop":9,"stat.useItem.minecraft.wooden_sword":14,"stat.pickup.minecraft.slime_ball":131,"stat.craftItem.minecraft.diamond_pickaxe":1,"stat.killEntity.Zombie":154,"stat.mineBlock.minecraft.gold_ore":18,"stat.diveOneCm":36539,"stat.pickup.minecraft.gravel":15,"stat.mineBlock.minecraft.anvil":1,"stat.useItem.minecraft.diamond_axe":4,"stat.pickup.minecraft.stone_axe":2,"stat.useItem.minecraft.rotten_flesh":62,"stat.jump":3663,"stat.pickup.minecraft.coal":411,"stat.pickup.minecraft.iron_ingot":2,"stat.useItem.minecraft.stone_axe":176,"stat.pickup.minecraft.gunpowder":13,"stat.pickup.minecraft.spider_eye":10,"stat.craftItem.minecraft.torch":500,"stat.mineBlock.coroutil.repairing_block":1,"stat.pickup.minecraft.dirt":90,"stat.craftItem.minecraft.iron_helmet":3,"stat.mineBlock.mw.leadore":68,"stat.pickup.minecraft.diamond_ore":1,"stat.pickup.minecraft.iron_ore":224,"stat.pickup.minecraft.gold_ore":12,"stat.mineBlock.minecraft.lapis_ore":1,"stat.mineBlock.minecraft.glass_pane":12,"stat.damageTaken":7692,"stat.mineBlock.minecraft.torch":23,"stat.mineBlock.minecraft.furnace":1,"stat.useItem.minecraft.wooden_pickaxe":11,"stat.pickup.minecraft.potato":3,"stat.pickup.minecraft.diamond_axe":1,"stat.pickup.mw.leadingot":3,"stat.damageDealt":38704,"stat.craftItem.mw.carboncomposite":30,"stat.craftItem.minecraft.baked_potato":33,"stat.craftItem.minecraft.iron_sword":2,"stat.craftItem.minecraft.stone_shovel":1,"stat.walkOneCm":1783774,"stat.pickup.minecraft.stick":2,"stat.pickup.minecraft.stone":160,"stat.craftItem.minecraft.iron_chestplate":3,"stat.pickup.minecraft.baked_potato":21,"stat.useItem.minecraft.stained_hardened_clay":12,"stat.pickup.minecraft.ender_pearl":3,"stat.pickup.minecraft.ladder":1,"stat.killEntity.Skeleton":4,"stat.craftItem.minecraft.bookshelf":12,"stat.mineBlock.minecraft.stonebrick":47,"stat.killEntity.Spider":29,"stat.mobKills":210,"stat.mineBlock.minecraft.bookshelf":4,"stat.pickup.minecraft.quartz":4,"stat.useItem.minecraft.cobblestone_wall":1,"stat.pickup.minecraft.diamond":7,"stat.mineBlock.minecraft.leaves":11,"stat.pickup.minecraft.beetroot_seeds":7,"stat.pickup.minecraft.torch":42,"stat.mineBlock.minecraft.redstone_ore":22,"stat.mineBlock.minecraft.stone":1779}