{"stat.useItem.minecraft.bow":9,"stat.pickup.minecraft.wooden_slab":1,"stat.leaveGame":6,"stat.mineBlock.minecraft.stained_glass":29,"stat.pickup.minecraft.fishing_rod":2,"stat.useItem.minecraft.planks":65,"stat.craftItem.minecraft.shield":2,"stat.mineBlock.minecraft.web":3,"stat.craftItem.mw.gunmetalingot":30,"stat.pickup.minecraft.rotten_flesh":44,"stat.entityKilledBy.Spider":1,"stat.craftItem.minecraft.stone_axe":1,"stat.pickup.minecraft.cobblestone_wall":3,"stat.pickup.mw.leadore":33,"stat.killEntity.Enderman":2,"stat.craftItem.minecraft.stone_sword":1,"stat.useItem.minecraft.ender_pearl":1,"stat.craftItem.mw.copperingot":36,"stat.craftItem.minecraft.cooked_fish":12,"stat.craftItem.mw.tiningot":65,"stat.useItem.minecraft.iron_pickaxe":1161,"stat.pickup.minecraft.stained_hardened_clay":18,"stat.craftItem.minecraft.wooden_pickaxe":1,"stat.mineBlock.mw.copperore":37,"stat.mineBlock.minecraft.vine":4,"stat.mineBlock.mw.graphiteore":23,"stat.furnaceInteraction":135,"stat.killEntity.ZombieVillager":1,"stat.pickup.minecraft.furnace":1,"stat.mineBlock.minecraft.stained_hardened_clay":21,"stat.drop.minecraft.fishing_rod":1,"stat.deaths":5,"stat.playOneMinute":307631,"stat.craftItem.minecraft.iron_pickaxe":5,"stat.drop.minecraft.torch":1,"stat.fishCaught":1,"stat.mineBlock.minecraft.tallgrass":1,"stat.chestOpened":62,"stat.pickup.minecraft.pumpkin":4,"stat.useItem.minecraft.stone":11,"stat.pickup.minecraft.arrow":22,"stat.pickup.minecraft.lapis_ore":1,"stat.craftItem.minecraft.coal":23,"stat.fallOneCm":23730,"stat.pickup.minecraft.carrot":1,"stat.crouchOneCm":42355,"stat.craftItem.minecraft.diamond":1,"stat.craftItem.minecraft.iron_ingot":107,"stat.craftItem.minecraft.chest":2,"stat.craftingTableInteraction":39,"stat.drop.minecraft.bone":2,"stat.useItem.minecraft.furnace":6,"stat.craftItem.minecraft.wooden_sword":1,"stat.pickup.minecraft.dye":1,"stat.pickup.minecraft.planks":17,"stat.pickup.minecraft.wheat_seeds":2,"stat.mineBlock.minecraft.gravel":3,"stat.useItem.minecraft.stone_pickaxe":338,"stat.useItem.minecraft.stone_sword":137,"stat.craftItem.minecraft.iron_leggings":3,"stat.pickup.minecraft.redstone_ore":1,"stat.mineBlock.minecraft.dirt":56,"stat.useItem.minecraft.torch":323,"stat.pickup.mw.copperore":36,"stat.drop.minecraft.rotten_flesh":2,"stat.pickup.minecraft.crafting_table":2,"stat.useItem.minecraft.cobblestone":190,"stat.craftItem.minecraft.crafting_table":2,"stat.pickup.minecraft.log":108,"stat.useItem.minecraft.cooked_fish":17,"stat.craftItem.minecraft.gold_ingot":4,"stat.pickup.minecraft.sapling":3,"stat.entityKilledBy.Enderman":1,"stat.craftItem.minecraft.planks":140,"stat.pickup.mw.tinore":67,"stat.useItem.minecraft.iron_sword":189,"stat.craftItem.minecraft.fishing_rod":1,"stat.useItem.minecraft.stonebrick":1,"stat.mineBlock.minecraft.log":32,"stat.pickup.minecraft.red_flower":1,"stat.sneakTime":15141,"stat.mineBlock.minecraft.cobblestone_wall":3,"stat.useItem.minecraft.baked_potato":35,"stat.pickup.minecraft.cooked_fish":5,"stat.useItem.minecraft.wooden_axe":22,"stat.pickup.minecraft.stone_slab":21,"stat.useItem.minecraft.fishing_rod":4,"stat.craftItem.mw.leadingot":30,"stat.pickup.minecraft.bone":6,"stat.pickup.mw.graphitechunk":23,"stat.mineBlock.minecraft.pumpkin":4,"stat.mineBlock.minecraft.cobblestone":16,"stat.pickup.minecraft.flint":1,"stat.mineBlock.minecraft.stained_glass_pane":9,"stat.pickup.mw.sulfurdust":55,"stat.swimOneCm":29692,"stat.climbOneCm":2887,"stat.pickup.minecraft.enchanted_book":2,"stat.mineBlock.mw.sulfurore":55,"stat.useItem.minecraft.dirt":30,"stat.useItem.minecraft.stone_slab2":52,"stat.pickup.minecraft.bow":1,"stat.craftItem.minecraft.furnace":8,"stat.craftItem.minecraft.iron_boots":3,"stat.pickup.minecraft.anvil":1,"stat.pickup.minecraft.coal_ore":2,"stat.craftItem.minecraft.stone_pickaxe":3,"stat.pickup.minecraft.cobblestone":701,"stat.useItem.minecraft.stone_shovel":49,"stat.flyOneCm":254900,"stat.pickup.minecraft.fish":1,"stat.mineBlock.mw.tinore":68,"stat.pickup.minecraft.redstone":2,"stat.mineBlock.minecraft.iron_ore":133,"stat.timeSinceDeath":167070,"stat.craftItem.mw.gunmetalplate":3,"stat.craftItem.mw.gunmetalcomposite":30,"stat.useItem.minecraft.potato":1,"stat.pickup.minecraft.stonebrick":2,"stat.mineBlock.minecraft.coal_ore":294,"stat.pickup.minecraft.string":19,"stat.mineBlock.minecraft.ladder":1,"stat.entityKilledBy.Skeleton":2,"stat.craftItem.minecraft.stone_slab2":0,"stat.sprintOneCm":209255,"stat.mineBlock.minecraft.stone_slab":7,"stat.craftItem.minecraft.stick":112,"stat.craftItem.minecraft.wooden_axe":1,"stat.useItem.minecraft.stone_slab":8,"stat.mineBlock.minecraft.crafting_table":2,"stat.mineBlock.minecraft.planks":10,"stat.drop":5,"stat.useItem.minecraft.wooden_sword":14,"stat.pickup.minecraft.slime_ball":8,"stat.killEntity.Zombie":108,"stat.mineBlock.minecraft.gold_ore":12,"stat.diveOneCm":34128,"stat.pickup.minecraft.gravel":2,"stat.mineBlock.minecraft.anvil":1,"stat.useItem.minecraft.diamond_axe":4,"stat.useItem.minecraft.rotten_flesh":24,"stat.jump":2249,"stat.pickup.minecraft.coal":314,"stat.pickup.minecraft.iron_ingot":1,"stat.useItem.minecraft.stone_axe":150,"stat.pickup.minecraft.gunpowder":13,"stat.pickup.minecraft.spider_eye":3,"stat.craftItem.minecraft.torch":328,"stat.mineBlock.coroutil.repairing_block":1,"stat.pickup.minecraft.dirt":55,"stat.craftItem.minecraft.iron_helmet":3,"stat.mineBlock.mw.leadore":34,"stat.pickup.minecraft.diamond_ore":1,"stat.pickup.minecraft.iron_ore":130,"stat.pickup.minecraft.gold_ore":11,"stat.mineBlock.minecraft.glass_pane":12,"stat.damageTaken":4913,"stat.mineBlock.minecraft.torch":13,"stat.mineBlock.minecraft.furnace":1,"stat.useItem.minecraft.wooden_pickaxe":11,"stat.pickup.minecraft.potato":1,"stat.pickup.minecraft.diamond_axe":1,"stat.pickup.mw.leadingot":3,"stat.damageDealt":24436,"stat.craftItem.mw.carboncomposite":6,"stat.craftItem.minecraft.baked_potato":19,"stat.craftItem.minecraft.iron_sword":1,"stat.craftItem.minecraft.stone_shovel":1,"stat.walkOneCm":1245789,"stat.pickup.minecraft.stone":57,"stat.craftItem.minecraft.iron_chestplate":3,"stat.useItem.minecraft.stained_hardened_clay":12,"stat.pickup.minecraft.ender_pearl":2,"stat.killEntity.Skeleton":4,"stat.mineBlock.minecraft.stonebrick":3,"stat.killEntity.Spider":17,"stat.mobKills":150,"stat.pickup.minecraft.quartz":4,"stat.pickup.minecraft.diamond":1,"stat.mineBlock.minecraft.leaves":11,"stat.pickup.minecraft.torch":26,"stat.mineBlock.minecraft.stone":787}