{"stat.useItem.minecraft.bow":9,"stat.pickup.minecraft.wooden_slab":1,"stat.craftItem.mw.steeldust":4,"stat.leaveGame":35,"stat.mineBlock.minecraft.stained_glass":29,"stat.pickup.minecraft.fishing_rod":2,"stat.useItem.minecraft.planks":65,"stat.craftItem.minecraft.shield":2,"stat.mineBlock.minecraft.web":3,"stat.pickup.minecraft.glowstone_dust":2,"stat.craftItem.mw.gunmetalingot":36,"stat.pickup.minecraft.rotten_flesh":106,"stat.entityKilledBy.Spider":1,"stat.craftItem.minecraft.stone_axe":1,"stat.pickup.minecraft.cobblestone_wall":5,"stat.pickup.mw.leadore":60,"stat.killEntity.Enderman":4,"stat.craftItem.mw.carbonfiber":21,"stat.craftItem.minecraft.stone_sword":1,"stat.useItem.minecraft.ender_pearl":1,"stat.killEntity.Witch":1,"stat.craftItem.mw.copperingot":59,"stat.craftItem.minecraft.cooked_fish":12,"stat.craftItem.mw.tiningot":85,"stat.useItem.minecraft.iron_pickaxe":2068,"stat.pickup.minecraft.stained_hardened_clay":19,"stat.craftItem.minecraft.wooden_pickaxe":1,"stat.trappedChestTriggered":1,"stat.mineBlock.mw.copperore":60,"stat.mineBlock.minecraft.vine":4,"stat.mineBlock.mw.graphiteore":51,"stat.furnaceInteraction":192,"stat.killEntity.ZombieVillager":2,"stat.craftItem.mw.stanag100":2,"stat.pickup.minecraft.furnace":1,"stat.pickup.minecraft.cauldron":1,"stat.mineBlock.minecraft.stained_hardened_clay":21,"stat.drop.minecraft.fishing_rod":1,"stat.craftItem.minecraft.gunpowder":23,"stat.craftItem.mw.syntheticpolymercomposite":18,"stat.deaths":6,"stat.playOneMinute":413090,"stat.craftItem.minecraft.iron_pickaxe":12,"stat.craftItem.mw.steyr_aug_a1":1,"stat.drop.minecraft.torch":3,"stat.fishCaught":1,"stat.mineBlock.minecraft.tallgrass":1,"stat.chestOpened":117,"stat.pickup.minecraft.pumpkin":4,"stat.useItem.minecraft.stone":11,"stat.pickup.minecraft.arrow":22,"stat.pickup.minecraft.lapis_ore":1,"stat.craftItem.minecraft.coal":23,"stat.drop.minecraft.iron_pickaxe":2,"stat.fallOneCm":33899,"stat.pickup.minecraft.carrot":1,"stat.craftItem.mw.bullet556x45":184,"stat.crouchOneCm":46887,"stat.craftItem.minecraft.diamond":1,"stat.craftItem.minecraft.iron_ingot":143,"stat.craftItem.minecraft.chest":3,"stat.craftingTableInteraction":67,"stat.craftItem.mw.syntheticplastic":6,"stat.drop.minecraft.bone":2,"stat.useItem.minecraft.furnace":6,"stat.craftItem.minecraft.wooden_sword":1,"stat.pickup.minecraft.dye":1,"stat.pickup.minecraft.planks":17,"stat.pickup.minecraft.wheat_seeds":2,"stat.mineBlock.minecraft.gravel":5,"stat.useItem.minecraft.stone_pickaxe":338,"stat.useItem.minecraft.stone_sword":137,"stat.craftItem.minecraft.iron_leggings":3,"stat.pickup.minecraft.redstone_ore":1,"stat.mineBlock.minecraft.dirt":71,"stat.craftItem.mw.steelingot":4,"stat.useItem.minecraft.torch":441,"stat.pickup.mw.copperore":59,"stat.drop.minecraft.rotten_flesh":2,"stat.pickup.minecraft.crafting_table":2,"stat.useItem.minecraft.cobblestone":245,"stat.craftItem.minecraft.crafting_table":3,"stat.pickup.minecraft.log":108,"stat.useItem.minecraft.cooked_fish":17,"stat.pickup.minecraft.iron_pickaxe":1,"stat.craftItem.minecraft.gold_ingot":11,"stat.pickup.minecraft.sapling":3,"stat.entityKilledBy.Enderman":1,"stat.craftItem.minecraft.planks":176,"stat.pickup.mw.tinore":85,"stat.useItem.minecraft.iron_sword":270,"stat.craftItem.minecraft.fishing_rod":1,"stat.useItem.minecraft.stonebrick":1,"stat.mineBlock.minecraft.log":32,"stat.pickup.minecraft.red_flower":1,"stat.sneakTime":16563,"stat.mineBlock.minecraft.cobblestone_wall":5,"stat.useItem.minecraft.baked_potato":51,"stat.pickup.minecraft.cooked_fish":5,"stat.useItem.minecraft.wooden_axe":22,"stat.pickup.minecraft.stone_slab":23,"stat.useItem.minecraft.fishing_rod":4,"stat.craftItem.mw.leadingot":38,"stat.pickup.minecraft.bone":6,"stat.craftItem.mw.plasticplate":2,"stat.pickup.mw.graphitechunk":52,"stat.mineBlock.minecraft.pumpkin":4,"stat.mineBlock.minecraft.cobblestone":19,"stat.pickup.minecraft.flint":1,"stat.mineBlock.minecraft.stained_glass_pane":9,"stat.pickup.mw.sulfurdust":94,"stat.swimOneCm":43391,"stat.climbOneCm":8161,"stat.pickup.minecraft.enchanted_book":2,"stat.mineBlock.mw.sulfurore":94,"stat.useItem.minecraft.dirt":30,"stat.useItem.minecraft.stone_slab2":61,"stat.pickup.minecraft.bow":1,"stat.craftItem.minecraft.furnace":8,"stat.craftItem.minecraft.iron_boots":3,"stat.pickup.minecraft.anvil":1,"stat.pickup.minecraft.coal_ore":2,"stat.craftItem.minecraft.stone_pickaxe":3,"stat.pickup.minecraft.cobblestone":1372,"stat.useItem.minecraft.stone_shovel":55,"stat.flyOneCm":348925,"stat.pickup.minecraft.fish":7,"stat.mineBlock.mw.tinore":86,"stat.pickup.minecraft.redstone":50,"stat.mineBlock.minecraft.iron_ore":190,"stat.timeSinceDeath":4443,"stat.craftItem.mw.gunmetalplate":3,"stat.craftItem.mw.gunmetalcomposite":36,"stat.useItem.minecraft.potato":1,"stat.pickup.minecraft.stonebrick":39,"stat.mineBlock.minecraft.coal_ore":381,"stat.pickup.minecraft.string":37,"stat.mineBlock.minecraft.ladder":1,"stat.entityKilledBy.Skeleton":2,"stat.craftItem.minecraft.stone_slab2":0,"stat.sprintOneCm":342680,"stat.mineBlock.minecraft.stone_slab":8,"stat.craftItem.minecraft.stick":160,"stat.craftItem.minecraft.wooden_axe":1,"stat.useItem.minecraft.stone_slab":8,"stat.mineBlock.minecraft.crafting_table":2,"stat.mineBlock.minecraft.planks":10,"stat.drop":9,"stat.useItem.minecraft.wooden_sword":14,"stat.pickup.minecraft.slime_ball":51,"stat.killEntity.Zombie":124,"stat.mineBlock.minecraft.gold_ore":18,"stat.diveOneCm":36539,"stat.pickup.minecraft.gravel":2,"stat.mineBlock.minecraft.anvil":1,"stat.useItem.minecraft.diamond_axe":4,"stat.pickup.minecraft.stone_axe":2,"stat.useItem.minecraft.rotten_flesh":62,"stat.jump":3045,"stat.pickup.minecraft.coal":399,"stat.pickup.minecraft.iron_ingot":1,"stat.useItem.minecraft.stone_axe":150,"stat.pickup.minecraft.gunpowder":13,"stat.pickup.minecraft.spider_eye":8,"stat.craftItem.minecraft.torch":456,"stat.mineBlock.coroutil.repairing_block":1,"stat.pickup.minecraft.dirt":90,"stat.craftItem.minecraft.iron_helmet":3,"stat.mineBlock.mw.leadore":60,"stat.pickup.minecraft.diamond_ore":1,"stat.pickup.minecraft.iron_ore":188,"stat.pickup.minecraft.gold_ore":12,"stat.mineBlock.minecraft.glass_pane":12,"stat.damageTaken":6588,"stat.mineBlock.minecraft.torch":16,"stat.mineBlock.minecraft.furnace":1,"stat.useItem.minecraft.wooden_pickaxe":11,"stat.pickup.minecraft.potato":2,"stat.pickup.minecraft.diamond_axe":1,"stat.pickup.mw.leadingot":3,"stat.damageDealt":30190,"stat.craftItem.mw.carboncomposite":21,"stat.craftItem.minecraft.baked_potato":33,"stat.craftItem.minecraft.iron_sword":2,"stat.craftItem.minecraft.stone_shovel":1,"stat.walkOneCm":1548126,"stat.pickup.minecraft.stick":1,"stat.pickup.minecraft.stone":122,"stat.craftItem.minecraft.iron_chestplate":3,"stat.useItem.minecraft.stained_hardened_clay":12,"stat.pickup.minecraft.ender_pearl":3,"stat.killEntity.Skeleton":4,"stat.mineBlock.minecraft.stonebrick":46,"stat.killEntity.Spider":21,"stat.mobKills":171,"stat.pickup.minecraft.quartz":4,"stat.useItem.minecraft.cobblestone_wall":1,"stat.pickup.minecraft.diamond":1,"stat.mineBlock.minecraft.leaves":11,"stat.pickup.minecraft.beetroot_seeds":7,"stat.pickup.minecraft.torch":34,"stat.mineBlock.minecraft.redstone_ore":2,"stat.mineBlock.minecraft.stone":1348}