{"stat.useItem.minecraft.bow":9,"stat.pickup.minecraft.wooden_slab":23,"stat.craftItem.mw.steeldust":8,"stat.leaveGame":35,"stat.useItem.minecraft.bookshelf":11,"stat.mineBlock.minecraft.stained_glass":32,"stat.killEntity.PigZombie":3,"stat.pickup.minecraft.fishing_rod":2,"stat.useItem.minecraft.planks":70,"stat.craftItem.minecraft.shield":2,"stat.mineBlock.minecraft.web":3,"stat.pickup.minecraft.glowstone_dust":3,"stat.craftItem.mw.gunmetalingot":45,"stat.drop.minecraft.iron_sword":1,"stat.pickup.minecraft.rotten_flesh":225,"stat.entityKilledBy.Spider":1,"stat.craftItem.minecraft.stone_axe":2,"stat.pickup.minecraft.cobblestone_wall":15,"stat.pickup.mw.leadore":81,"stat.killEntity.Enderman":6,"stat.craftItem.mw.carbonfiber":36,"stat.craftItem.minecraft.stone_sword":1,"stat.useItem.minecraft.ender_pearl":1,"stat.craftItem.minecraft.iron_shovel":1,"stat.killEntity.Witch":2,"stat.craftItem.mw.copperingot":89,"stat.craftItem.minecraft.cooked_fish":12,"stat.craftItem.mw.tiningot":99,"stat.hopperInspected":8,"stat.useItem.minecraft.iron_pickaxe":4094,"stat.pickup.minecraft.stained_hardened_clay":54,"stat.craftItem.minecraft.wooden_pickaxe":1,"stat.useItem.minecraft.iron_shovel":1,"stat.pickup.minecraft.ghast_tear":3,"stat.trappedChestTriggered":6,"stat.mineBlock.mw.copperore":90,"stat.mineBlock.minecraft.vine":7,"stat.drop.mw.steyr_aug_a1":1,"stat.mineBlock.mw.graphiteore":103,"stat.furnaceInteraction":272,"stat.killEntity.ZombieVillager":9,"stat.pickup.minecraft.nether_brick":1,"stat.craftItem.mw.stanag100":4,"stat.pickup.minecraft.furnace":1,"stat.pickup.minecraft.cauldron":1,"stat.mineBlock.minecraft.stained_hardened_clay":28,"stat.drop.minecraft.fishing_rod":1,"stat.craftItem.minecraft.gunpowder":87,"stat.pickup.minecraft.iron_chestplate":1,"stat.craftItem.mw.syntheticpolymercomposite":36,"stat.useItem.minecraft.hopper":1,"stat.pickup.minecraft.emerald":1,"stat.mineBlock.minecraft.soul_sand":1,"stat.deaths":6,"stat.playOneMinute":656990,"stat.craftItem.minecraft.iron_pickaxe":18,"stat.craftItem.mw.steyr_aug_a1":1,"stat.drop.minecraft.torch":3,"stat.fishCaught":1,"stat.mineBlock.minecraft.tallgrass":1,"stat.pickup.minecraft.netherrack":61,"stat.chestOpened":257,"stat.pickup.minecraft.pumpkin":4,"stat.useItem.minecraft.stone":20,"stat.mineBlock.minecraft.netherrack":58,"stat.pickup.minecraft.arrow":22,"stat.pickup.minecraft.iron_sword":1,"stat.pickup.minecraft.lapis_ore":1,"stat.pickup.minecraft.gold_nugget":3,"stat.craftItem.minecraft.coal":23,"stat.drop.minecraft.iron_pickaxe":2,"stat.fallOneCm":62944,"stat.pickup.minecraft.carrot":2,"stat.useItem.minecraft.trapped_chest":1,"stat.craftItem.mw.bullet556x45":352,"stat.crouchOneCm":54480,"stat.craftItem.minecraft.diamond":1,"stat.mineBlock.minecraft.chest":2,"stat.craftItem.minecraft.iron_ingot":224,"stat.craftItem.minecraft.chest":9,"stat.craftItem.minecraft.hopper":2,"stat.craftingTableInteraction":125,"stat.craftItem.mw.syntheticplastic":12,"stat.drop.minecraft.bone":2,"stat.useItem.minecraft.furnace":6,"stat.craftItem.minecraft.wooden_sword":1,"stat.pickup.minecraft.dye":109,"stat.pickup.minecraft.planks":17,"stat.pickup.minecraft.wheat_seeds":2,"stat.mineBlock.minecraft.gravel":37,"stat.useItem.minecraft.stone_pickaxe":369,"stat.useItem.minecraft.stone_sword":137,"stat.craftItem.minecraft.iron_leggings":4,"stat.pickup.minecraft.redstone_ore":1,"stat.mineBlock.minecraft.dirt":123,"stat.craftItem.mw.steelingot":8,"stat.mineBlock.minecraft.monster_egg":2,"stat.useItem.minecraft.torch":681,"stat.pickup.mw.copperore":89,"stat.drop.minecraft.rotten_flesh":2,"stat.pickup.minecraft.crafting_table":3,"stat.useItem.minecraft.cobblestone":356,"stat.craftItem.minecraft.crafting_table":6,"stat.pickup.minecraft.log":117,"stat.useItem.minecraft.cooked_fish":17,"stat.pickup.minecraft.iron_pickaxe":1,"stat.craftItem.minecraft.gold_ingot":11,"stat.pickup.minecraft.sapling":8,"stat.entityKilledBy.Enderman":1,"stat.craftItem.minecraft.bucket":1,"stat.craftItem.minecraft.planks":372,"stat.pickup.mw.tinore":99,"stat.useItem.minecraft.iron_sword":881,"stat.pickup.mw.steyr_aug_a1":1,"stat.craftItem.minecraft.fishing_rod":1,"stat.useItem.minecraft.stonebrick":1,"stat.pickup.minecraft.book":63,"stat.mineBlock.minecraft.log":32,"stat.pickup.minecraft.golden_sword":1,"stat.pickup.minecraft.red_flower":1,"stat.sneakTime":18759,"stat.drop.mw.m16a4":2,"stat.mineBlock.minecraft.cobblestone_wall":7,"stat.useItem.minecraft.baked_potato":178,"stat.pickup.minecraft.cooked_fish":5,"stat.useItem.minecraft.wooden_axe":22,"stat.pickup.minecraft.stone_slab":23,"stat.pickup.minecraft.trapped_chest":3,"stat.useItem.minecraft.fishing_rod":4,"stat.pickup.minecraft.chest":3,"stat.craftItem.mw.leadingot":77,"stat.pickup.minecraft.tripwire_hook":2,"stat.pickup.minecraft.bone":6,"stat.craftItem.mw.plasticplate":4,"stat.pickup.mw.graphitechunk":104,"stat.mineBlock.minecraft.pumpkin":4,"stat.mineBlock.minecraft.cobblestone":22,"stat.pickup.minecraft.flint":6,"stat.mineBlock.minecraft.stained_glass_pane":11,"stat.pickup.mw.sulfurdust":151,"stat.swimOneCm":54329,"stat.climbOneCm":37521,"stat.pickup.minecraft.enchanted_book":2,"stat.mineBlock.mw.sulfurore":152,"stat.useItem.minecraft.dirt":30,"stat.useItem.minecraft.stone_slab2":98,"stat.pickup.minecraft.bow":1,"stat.craftItem.minecraft.furnace":8,"stat.pickup.minecraft.enchanting_table":1,"stat.craftItem.minecraft.iron_boots":4,"stat.pickup.minecraft.anvil":1,"stat.pickup.minecraft.coal_ore":2,"stat.craftItem.minecraft.stone_pickaxe":4,"stat.pickup.minecraft.cobblestone":2434,"stat.useItem.minecraft.stone_shovel":131,"stat.flyOneCm":721954,"stat.pickup.minecraft.soul_sand":1,"stat.pickup.minecraft.fish":7,"stat.craftItem.minecraft.wooden_slab":6,"stat.mineBlock.mw.tinore":101,"stat.pickup.minecraft.redstone":194,"stat.mineBlock.minecraft.iron_ore":296,"stat.timeSinceDeath":248343,"stat.pickup.minecraft.quartz_ore":1,"stat.useItem.minecraft.wooden_slab":1,"stat.craftItem.mw.gunmetalplate":4,"stat.craftItem.mw.gunmetalcomposite":45,"stat.useItem.minecraft.potato":1,"stat.pickup.minecraft.stonebrick":51,"stat.mineBlock.minecraft.enchanting_table":1,"stat.mineBlock.minecraft.coal_ore":571,"stat.drop.minecraft.baked_potato":5,"stat.pickup.minecraft.string":74,"stat.mineBlock.minecraft.ladder":4,"stat.entityKilledBy.Skeleton":2,"stat.craftItem.minecraft.stone_slab2":0,"stat.sprintOneCm":867055,"stat.mineBlock.minecraft.stone_slab":8,"stat.craftItem.mw.m16a4":1,"stat.craftItem.minecraft.stick":236,"stat.craftItem.minecraft.wooden_axe":1,"stat.useItem.minecraft.stone_slab":10,"stat.mineBlock.minecraft.diamond_ore":7,"stat.mineBlock.minecraft.crafting_table":3,"stat.useItem.minecraft.diamond_pickaxe":1,"stat.useItem.minecraft.carrot":1,"stat.useItem.minecraft.bucket":1,"stat.pickup.minecraft.sugar":1,"stat.mineBlock.minecraft.planks":10,"stat.drop":18,"stat.useItem.minecraft.wooden_sword":14,"stat.pickup.minecraft.slime_ball":423,"stat.craftItem.minecraft.diamond_pickaxe":1,"stat.killEntity.Zombie":211,"stat.mineBlock.minecraft.gold_ore":26,"stat.diveOneCm":54789,"stat.pickup.minecraft.gravel":31,"stat.mineBlock.minecraft.anvil":1,"stat.useItem.minecraft.diamond_axe":4,"stat.pickup.minecraft.stone_axe":2,"stat.useItem.minecraft.rotten_flesh":62,"stat.jump":5560,"stat.pickup.minecraft.coal":584,"stat.pickup.minecraft.iron_ingot":36,"stat.useItem.minecraft.stone_axe":188,"stat.pickup.minecraft.gunpowder":16,"stat.pickup.minecraft.spider_eye":24,"stat.craftItem.minecraft.torch":664,"stat.mineBlock.coroutil.repairing_block":1,"stat.pickup.minecraft.dirt":125,"stat.craftItem.minecraft.iron_helmet":4,"stat.mineBlock.mw.leadore":81,"stat.pickup.minecraft.diamond_ore":1,"stat.pickup.minecraft.iron_ore":296,"stat.pickup.minecraft.gold_ore":20,"stat.mineBlock.minecraft.lapis_ore":17,"stat.mineBlock.minecraft.glass_pane":12,"stat.damageTaken":12475,"stat.pickup.mw.stanag100":1,"stat.mineBlock.minecraft.torch":56,"stat.mineBlock.minecraft.furnace":1,"stat.useItem.minecraft.wooden_pickaxe":11,"stat.pickup.minecraft.potato":3,"stat.pickup.minecraft.diamond_axe":1,"stat.pickup.mw.leadingot":3,"stat.damageDealt":68828,"stat.craftItem.mw.carboncomposite":36,"stat.craftItem.minecraft.baked_potato":33,"stat.killEntity.Silverfish":2,"stat.craftItem.minecraft.iron_sword":5,"stat.craftItem.minecraft.stone_slab":6,"stat.craftItem.minecraft.stone_shovel":1,"stat.walkOneCm":2458312,"stat.useItem.minecraft.chest":4,"stat.pickup.minecraft.stick":13,"stat.mineBlock.minecraft.trapped_chest":1,"stat.pickup.minecraft.stone":213,"stat.craftItem.minecraft.iron_chestplate":3,"stat.pickup.minecraft.baked_potato":29,"stat.pickup.mw.m16a4":2,"stat.useItem.minecraft.stained_hardened_clay":12,"stat.pickup.minecraft.ender_pearl":3,"stat.pickup.minecraft.ladder":1,"stat.killEntity.Skeleton":4,"stat.craftItem.minecraft.bookshelf":14,"stat.mineBlock.minecraft.stonebrick":58,"stat.killEntity.Spider":80,"stat.mineBlock.minecraft.quartz_ore":133,"stat.mobKills":332,"stat.mineBlock.minecraft.bookshelf":7,"stat.pickup.minecraft.quartz":124,"stat.useItem.minecraft.cobblestone_wall":2,"stat.pickup.minecraft.diamond":9,"stat.mineBlock.minecraft.leaves":11,"stat.pickup.minecraft.beetroot_seeds":7,"stat.pickup.minecraft.torch":77,"stat.mineBlock.minecraft.redstone_ore":34,"stat.mineBlock.minecraft.stone":2643}