{"stat.chestOpened":18,"stat.pickup.minecraft.rotten_flesh":2,"stat.walkOneCm":42281,"stat.useItem.minecraft.potato":35,"stat.useItem.minecraft.iron_sword":13,"stat.leaveGame":3,"stat.damageTaken":124,"stat.pickup.minecraft.stonebrick":24,"stat.mobKills":2,"stat.useItem.minecraft.stonebrick":1,"stat.pickup.minecraft.planks":32,"stat.pickup.minecraft.string":1,"stat.flyOneCm":16140,"stat.mineBlock.minecraft.stained_glass_pane":5,"stat.jump":77,"stat.swimOneCm":2538,"stat.pickup.minecraft.potato":61,"stat.playOneMinute":9930,"stat.fallOneCm":1954,"stat.craftItem.minecraft.shield":1,"stat.climbOneCm":2863,"stat.sneakTime":86,"stat.pickup.minecraft.slime_ball":5,"stat.damageDealt":380,"stat.crouchOneCm":357,"stat.useItem.minecraft.baked_potato":2,"stat.killEntity.Zombie":1,"stat.timeSinceDeath":9930,"stat.pickup.minecraft.spider_eye":1,"stat.sprintOneCm":22862,"stat.pickup.minecraft.ladder":1,"stat.pickup.minecraft.poisonous_potato":1,"stat.craftItem.minecraft.iron_sword":1,"stat.diveOneCm":319,"stat.craftItem.minecraft.stick":4,"stat.craftingTableInteraction":3}