{"stat.drop.minecraft.stone_pickaxe":1,"stat.useItem.minecraft.bow":229,"stat.pickup.minecraft.bone":10,"stat.pickup.minecraft.wooden_slab":2,"stat.leaveGame":5,"stat.pickup.minecraft.stone_pickaxe":2,"stat.entityKilledBy.Witch":1,"stat.mineBlock.minecraft.sandstone":11,"stat.drop.minecraft.shield":1,"stat.mineBlock.minecraft.stained_glass_pane":14,"stat.useItem.minecraft.poisonous_potato":3,"stat.mineBlock.minecraft.stained_glass":12,"stat.pickup.minecraft.fishing_rod":4,"stat.swimOneCm":31163,"stat.climbOneCm":5770,"stat.useItem.minecraft.planks":31,"stat.pickup.minecraft.enchanted_book":4,"stat.mineBlock.minecraft.web":4,"stat.useItem.minecraft.dirt":71,"stat.useItem.minecraft.stone_slab2":91,"stat.pickup.minecraft.bow":4,"stat.pickup.minecraft.iron_boots":1,"stat.useItem.minecraft.water_bucket":15,"stat.pickup.minecraft.rotten_flesh":18,"stat.pickup.minecraft.anvil":4,"stat.pickup.minecraft.name_tag":1,"stat.pickup.minecraft.cobblestone_wall":8,"stat.pickup.minecraft.bucket":1,"stat.pickup.minecraft.cobblestone":14,"stat.mineBlock.minecraft.wooden_slab":1,"stat.craftItem.minecraft.bow":1,"stat.pickup.minecraft.leather_boots":1,"stat.useItem.minecraft.anvil":2,"stat.flyOneCm":82758,"stat.pickup.minecraft.sandstone":10,"stat.pickup.minecraft.brown_mushroom":2,"stat.pickup.minecraft.fish":95,"stat.killEntity.Witch":4,"stat.craftItem.minecraft.wooden_hoe":4,"stat.craftItem.minecraft.cooked_fish":11,"stat.pickup.minecraft.redstone":2,"stat.timeSinceDeath":27403,"stat.pickup.minecraft.stained_hardened_clay":28,"stat.craftItem.minecraft.wooden_pickaxe":2,"stat.useItem.minecraft.wooden_slab":1,"stat.useItem.minecraft.potato":159,"stat.mineBlock.minecraft.vine":9,"stat.pickup.minecraft.stonebrick":2,"stat.furnaceInteraction":145,"stat.killEntity.ZombieVillager":4,"stat.pickup.minecraft.shield":2,"stat.pickup.minecraft.string":54,"stat.pickup.minecraft.furnace":1,"stat.craftItem.minecraft.stone_slab2":0,"stat.drop.minecraft.anvil":1,"stat.mineBlock.minecraft.stained_hardened_clay":22,"stat.sprintOneCm":155146,"stat.pickup.minecraft.iron_chestplate":1,"stat.craftItem.minecraft.stick":56,"stat.craftItem.minecraft.wooden_axe":2,"stat.useItem.minecraft.stone_slab":2,"stat.useItem.minecraft.wheat_seeds":16,"stat.mineBlock.minecraft.crafting_table":1,"stat.drop.minecraft.cooked_fish":4,"stat.useItem.minecraft.carrot":1,"stat.useItem.minecraft.wooden_shovel":88,"stat.useItem.minecraft.dye":23,"stat.craftItem.minecraft.wooden_pressure_plate":1,"stat.useItem.minecraft.bucket":15,"stat.pickup.minecraft.bowl":1,"stat.deaths":2,"stat.mineBlock.minecraft.planks":10,"stat.drop":17,"stat.playOneMinute":310805,"stat.useItem.minecraft.wooden_sword":90,"stat.craftItem.minecraft.wooden_shovel":2,"stat.pickup.minecraft.slime_ball":5,"stat.killEntity.Zombie":54,"stat.craftItem.minecraft.dye":27,"stat.drop.minecraft.bread":1,"stat.mineBlock.minecraft.tallgrass":3,"stat.fishCaught":90,"stat.diveOneCm":15524,"stat.pickup.minecraft.wheat":12,"stat.chestOpened":56,"stat.useItem.minecraft.fish":14,"stat.useItem.minecraft.stone":7,"stat.drop.minecraft.wooden_pickaxe":1,"stat.pickup.minecraft.gravel":20,"stat.pickup.minecraft.arrow":49,"stat.pickup.minecraft.waterlily":1,"stat.mineBlock.minecraft.anvil":3,"stat.pickup.minecraft.wooden_pressure_plate":1,"stat.craftItem.minecraft.coal":23,"stat.useItem.minecraft.rotten_flesh":4,"stat.jump":1093,"stat.useItem.minecraft.wooden_hoe":174,"stat.pickup.minecraft.iron_helmet":1,"stat.fallOneCm":13415,"stat.pickup.minecraft.iron_ingot":1,"stat.pickup.minecraft.carrot":4,"stat.craftItem.minecraft.bread":1,"stat.crouchOneCm":23379,"stat.pickup.minecraft.spider_eye":2,"stat.craftItem.minecraft.chest":1,"stat.craftItem.minecraft.torch":72,"stat.craftItem.minecraft.iron_ingot":3,"stat.pickup.minecraft.dirt":120,"stat.craftingTableInteraction":43,"stat.mineBlock.minecraft.leaves2":1,"stat.mineBlock.minecraft.log2":23,"stat.pickup.minecraft.wooden_pickaxe":1,"stat.brewingstandInteraction":1,"stat.damageTaken":2624,"stat.pickup.minecraft.leather":1,"stat.mineBlock.minecraft.torch":14,"stat.mineBlock.minecraft.furnace":1,"stat.useItem.minecraft.wooden_pickaxe":68,"stat.craftItem.minecraft.wooden_sword":2,"stat.pickup.minecraft.log2":23,"stat.pickup.minecraft.planks":17,"stat.pickup.minecraft.iron_leggings":1,"stat.pickup.minecraft.wheat_seeds":24,"stat.pickup.minecraft.potato":260,"stat.pickup.minecraft.diamond_axe":1,"stat.mineBlock.minecraft.gravel":20,"stat.damageDealt":8437,"stat.craftItem.minecraft.baked_potato":17,"stat.mineBlock.minecraft.dirt":122,"stat.pickup.minecraft.poisonous_potato":3,"stat.craftItem.minecraft.iron_sword":1,"stat.walkOneCm":868698,"stat.useItem.minecraft.torch":53,"stat.useItem.minecraft.bread":10,"stat.pickup.minecraft.brewing_stand":1,"stat.pickup.minecraft.stick":3,"stat.drop.minecraft.rotten_flesh":6,"stat.pickup.minecraft.crafting_table":1,"stat.useItem.minecraft.log":1,"stat.craftItem.minecraft.crafting_table":1,"stat.pickup.minecraft.log":34,"stat.useItem.minecraft.cooked_fish":8,"stat.pickup.minecraft.baked_potato":17,"stat.useItem.minecraft.stained_hardened_clay":1,"stat.pickup.minecraft.sapling":11,"stat.killEntity.Skeleton":5,"stat.drop.minecraft.bow":1,"stat.pickup.minecraft.beetroot":1,"stat.mineBlock.minecraft.stonebrick":2,"stat.craftItem.minecraft.planks":152,"stat.useItem.minecraft.iron_sword":119,"stat.killEntity.Spider":13,"stat.craftItem.minecraft.fishing_rod":1,"stat.mobKills":82,"stat.pickup.minecraft.book":15,"stat.mineBlock.minecraft.bookshelf":5,"stat.mineBlock.minecraft.log":32,"stat.pickup.minecraft.water_bucket":1,"stat.mineBlock.minecraft.leaves":7,"stat.pickup.minecraft.beetroot_seeds":2,"stat.pickup.minecraft.torch":18,"stat.useItem.minecraft.beetroot_seeds":1,"stat.sneakTime":14778,"stat.mineBlock.minecraft.cobblestone_wall":4,"stat.drop.minecraft.bucket":1,"stat.useItem.minecraft.baked_potato":1,"stat.pickup.minecraft.cooked_fish":1,"stat.useItem.minecraft.wooden_axe":112,"stat.pickup.minecraft.stone_slab":9,"stat.mineBlock.minecraft.stone":13,"stat.useItem.minecraft.fishing_rod":261,"stat.useItem.minecraft.sandstone":6}