{"stat.useItem.minecraft.bow":251,"stat.pickup.minecraft.wooden_slab":153,"stat.leaveGame":9,"stat.mineBlock.minecraft.sandstone":11,"stat.drop.minecraft.shield":1,"stat.useItem.minecraft.poisonous_potato":6,"stat.mineBlock.minecraft.stained_glass":12,"stat.pickup.minecraft.fishing_rod":6,"stat.useItem.minecraft.planks":39,"stat.mineBlock.minecraft.web":9,"stat.useItem.minecraft.water_bucket":27,"stat.mineBlock.minecraft.stone_brick_stairs":4,"stat.pickup.minecraft.rotten_flesh":132,"stat.craftItem.minecraft.stone_axe":1,"stat.pickup.minecraft.name_tag":3,"stat.pickup.minecraft.cobblestone_wall":166,"stat.pickup.minecraft.bucket":1,"stat.killEntity.Enderman":1,"stat.mineBlock.minecraft.wooden_slab":13,"stat.pickup.minecraft.leather_boots":2,"stat.craftItem.minecraft.cobblestone_wall":132,"stat.useItem.minecraft.anvil":2,"stat.craftItem.minecraft.stone_sword":4,"stat.pickup.minecraft.brown_mushroom":2,"stat.killEntity.Witch":5,"stat.craftItem.minecraft.wooden_hoe":4,"stat.craftItem.minecraft.cooked_fish":15,"stat.hopperInspected":32,"stat.pickup.minecraft.stained_hardened_clay":56,"stat.craftItem.minecraft.wooden_pickaxe":2,"stat.trappedChestTriggered":18,"stat.mineBlock.minecraft.vine":17,"stat.mineBlock.minecraft.hopper":3,"stat.pickup.minecraft.wooden_shovel":1,"stat.furnaceInteraction":286,"stat.killEntity.ZombieVillager":12,"stat.pickup.minecraft.furnace":2,"stat.useItem.minecraft.redstone":72,"stat.mineBlock.minecraft.stained_hardened_clay":58,"stat.pickup.minecraft.iron_chestplate":1,"stat.pickup.minecraft.potion":5,"stat.useItem.minecraft.wheat_seeds":19,"stat.drop.minecraft.cooked_fish":4,"stat.useItem.minecraft.hopper":2,"stat.useItem.minecraft.dye":32,"stat.pickup.minecraft.lever":4,"stat.pickup.minecraft.bowl":1,"stat.deaths":3,"stat.playOneMinute":633521,"stat.craftItem.minecraft.wooden_shovel":3,"stat.pickup.minecraft.iron_bars":68,"stat.craftItem.minecraft.repeater":7,"stat.mineBlock.minecraft.tallgrass":9,"stat.fishCaught":180,"stat.chestOpened":261,"stat.useItem.minecraft.fish":16,"stat.useItem.minecraft.stone":22,"stat.pickup.minecraft.arrow":51,"stat.pickup.minecraft.waterlily":1,"stat.pickup.minecraft.wooden_pressure_plate":1,"stat.craftItem.minecraft.coal":23,"stat.fallOneCm":35513,"stat.pickup.minecraft.carrot":72,"stat.useItem.minecraft.trapped_chest":1,"stat.crouchOneCm":28281,"stat.mineBlock.minecraft.chest":4,"stat.craftItem.minecraft.chest":11,"stat.craftItem.minecraft.iron_ingot":44,"stat.mineBlock.minecraft.lever":3,"stat.craftItem.minecraft.hopper":2,"stat.craftingTableInteraction":131,"stat.pickup.minecraft.repeater":6,"stat.mineBlock.minecraft.log2":30,"stat.pickup.minecraft.wooden_pickaxe":1,"stat.craftItem.minecraft.wooden_sword":2,"stat.pickup.minecraft.dye":8,"stat.pickup.minecraft.planks":140,"stat.pickup.minecraft.iron_leggings":1,"stat.pickup.minecraft.wheat_seeds":49,"stat.mineBlock.minecraft.gravel":36,"stat.useItem.minecraft.stone_pickaxe":207,"stat.useItem.minecraft.stone_sword":525,"stat.mineBlock.minecraft.dirt":239,"stat.pickup.minecraft.poisonous_potato":11,"stat.useItem.minecraft.torch":134,"stat.useItem.minecraft.bread":46,"stat.pickup.minecraft.brewing_stand":1,"stat.drop.minecraft.rotten_flesh":6,"stat.pickup.minecraft.crafting_table":3,"stat.useItem.minecraft.log":1,"stat.craftItem.minecraft.crafting_table":3,"stat.useItem.minecraft.gravel":24,"stat.craftItem.minecraft.boat":1,"stat.pickup.minecraft.log":55,"stat.useItem.minecraft.cooked_fish":15,"stat.pickup.minecraft.hopper":3,"stat.pickup.minecraft.sapling":22,"stat.drop.minecraft.bow":1,"stat.pickup.minecraft.beetroot":4,"stat.craftItem.minecraft.planks":200,"stat.useItem.minecraft.iron_sword":795,"stat.itemEnchanted":1,"stat.craftItem.minecraft.fishing_rod":1,"stat.pickup.minecraft.book":48,"stat.mineBlock.minecraft.log":53,"stat.useItem.minecraft.stone_hoe":93,"stat.useItem.minecraft.beetroot_seeds":3,"stat.sneakTime":18296,"stat.mineBlock.minecraft.cobblestone_wall":114,"stat.drop.minecraft.bucket":1,"stat.useItem.minecraft.baked_potato":34,"stat.pickup.minecraft.cooked_fish":1,"stat.useItem.minecraft.wooden_axe":112,"stat.pickup.minecraft.stone_slab":211,"stat.pickup.minecraft.yellow_flower":1,"stat.craftItem.minecraft.trapped_chest":2,"stat.pickup.minecraft.trapped_chest":1,"stat.useItem.minecraft.fishing_rod":486,"stat.pickup.minecraft.chest":5,"stat.drop.minecraft.stone_pickaxe":1,"stat.pickup.minecraft.tripwire_hook":1,"stat.pickup.minecraft.bone":10,"stat.craftItem.minecraft.sticky_piston":5,"stat.pickup.minecraft.redstone_torch":2,"stat.useItem.minecraft.repeater":8,"stat.pickup.minecraft.stone_pickaxe":2,"stat.mineBlock.minecraft.yellow_flower":2,"stat.entityKilledBy.Witch":1,"stat.mineBlock.minecraft.brown_mushroom":1,"stat.mineBlock.minecraft.stained_glass_pane":14,"stat.swimOneCm":66006,"stat.climbOneCm":17052,"stat.pickup.minecraft.enchanted_book":6,"stat.useItem.minecraft.dirt":207,"stat.useItem.minecraft.stone_slab2":173,"stat.pickup.minecraft.bow":6,"stat.pickup.minecraft.iron_boots":2,"stat.craftItem.minecraft.furnace":16,"stat.pickup.minecraft.anvil":4,"stat.craftItem.minecraft.stone_pickaxe":2,"stat.pickup.minecraft.cobblestone":50,"stat.craftItem.minecraft.bow":1,"stat.flyOneCm":450086,"stat.pickup.minecraft.sandstone":10,"stat.pickup.minecraft.fish":187,"stat.pickup.minecraft.redstone":104,"stat.timeSinceDeath":225389,"stat.useItem.minecraft.wooden_slab":16,"stat.useItem.minecraft.potato":509,"stat.pickup.minecraft.stonebrick":345,"stat.drop.minecraft.dirt":1,"stat.pickup.minecraft.shield":3,"stat.craftItem.minecraft.stone_hoe":1,"stat.drop.minecraft.baked_potato":21,"stat.pickup.minecraft.string":129,"stat.craftItem.minecraft.stone_slab2":0,"stat.drop.minecraft.anvil":1,"stat.sprintOneCm":683817,"stat.mineBlock.minecraft.stone_slab":59,"stat.craftItem.minecraft.stick":124,"stat.craftItem.minecraft.wooden_axe":2,"stat.useItem.minecraft.stone_slab":82,"stat.craftItem.minecraft.stone":30,"stat.mineBlock.minecraft.crafting_table":3,"stat.useItem.minecraft.carrot":21,"stat.useItem.minecraft.wooden_shovel":148,"stat.craftItem.minecraft.wooden_pressure_plate":1,"stat.useItem.minecraft.bucket":27,"stat.mineBlock.minecraft.planks":22,"stat.drop":39,"stat.useItem.minecraft.wooden_sword":90,"stat.pickup.minecraft.slime_ball":543,"stat.killEntity.Zombie":308,"stat.craftItem.minecraft.dye":30,"stat.drop.minecraft.bread":1,"stat.diveOneCm":26718,"stat.pickup.minecraft.wheat":25,"stat.craftItem.minecraft.piston":5,"stat.useItem.minecraft.sticky_piston":4,"stat.drop.minecraft.wooden_pickaxe":1,"stat.pickup.minecraft.gravel":44,"stat.mineBlock.minecraft.anvil":3,"stat.pickup.minecraft.stone_axe":2,"stat.useItem.minecraft.rotten_flesh":43,"stat.pickup.minecraft.stone_brick_stairs":20,"stat.jump":2991,"stat.useItem.minecraft.wooden_hoe":228,"stat.pickup.minecraft.iron_helmet":1,"stat.pickup.minecraft.iron_ingot":25,"stat.craftItem.minecraft.lever":1,"stat.useItem.minecraft.stone_axe":76,"stat.useItem.minecraft.piston":3,"stat.craftItem.minecraft.bread":1,"stat.pickup.minecraft.spider_eye":20,"stat.craftItem.minecraft.torch":84,"stat.pickup.minecraft.dirt":290,"stat.boatOneCm":23820,"stat.mineBlock.minecraft.iron_bars":5,"stat.useItem.minecraft.sapling":9,"stat.mineBlock.minecraft.leaves2":1,"stat.brewingstandInteraction":3,"stat.damageTaken":7557,"stat.pickup.minecraft.leather":1,"stat.mineBlock.minecraft.torch":46,"stat.mineBlock.minecraft.furnace":2,"stat.useItem.minecraft.wooden_pickaxe":116,"stat.pickup.minecraft.log2":30,"stat.pickup.minecraft.reeds":5,"stat.pickup.minecraft.quartz_block":7,"stat.pickup.minecraft.potato":966,"stat.pickup.minecraft.diamond_axe":1,"stat.entityKilledBy.Zombie":1,"stat.damageDealt":75474,"stat.craftItem.minecraft.baked_potato":91,"stat.useItem.minecraft.crafting_table":1,"stat.craftItem.minecraft.iron_sword":5,"stat.pickup.minecraft.piston":4,"stat.walkOneCm":2037400,"stat.useItem.minecraft.chest":6,"stat.pickup.minecraft.stick":5,"stat.mineBlock.minecraft.trapped_chest":1,"stat.pickup.minecraft.stone":41,"stat.pickup.minecraft.baked_potato":173,"stat.useItem.minecraft.stained_hardened_clay":14,"stat.pickup.minecraft.ender_pearl":1,"stat.pickup.minecraft.ladder":4,"stat.killEntity.Skeleton":5,"stat.mineBlock.minecraft.stonebrick":2,"stat.mineBlock.minecraft.redstone_torch":3,"stat.killEntity.Spider":55,"stat.mobKills":384,"stat.mineBlock.minecraft.bookshelf":17,"stat.useItem.minecraft.boat":1,"stat.pickup.minecraft.water_bucket":1,"stat.useItem.minecraft.cobblestone_wall":182,"stat.mineBlock.minecraft.leaves":21,"stat.pickup.minecraft.beetroot_seeds":11,"stat.mineBlock.minecraft.piston":4,"stat.pickup.minecraft.torch":66,"stat.craftItem.minecraft.tripwire_hook":4,"stat.mineBlock.minecraft.stone":21,"stat.useItem.minecraft.sandstone":6}