{"stat.useItem.minecraft.bow":249,"stat.pickup.minecraft.wooden_slab":144,"stat.leaveGame":7,"stat.mineBlock.minecraft.sandstone":11,"stat.drop.minecraft.shield":1,"stat.useItem.minecraft.poisonous_potato":4,"stat.mineBlock.minecraft.stained_glass":12,"stat.pickup.minecraft.fishing_rod":4,"stat.useItem.minecraft.planks":31,"stat.mineBlock.minecraft.web":5,"stat.useItem.minecraft.water_bucket":15,"stat.pickup.minecraft.rotten_flesh":44,"stat.pickup.minecraft.name_tag":1,"stat.pickup.minecraft.cobblestone_wall":68,"stat.pickup.minecraft.bucket":1,"stat.killEntity.Enderman":1,"stat.mineBlock.minecraft.wooden_slab":3,"stat.pickup.minecraft.leather_boots":1,"stat.useItem.minecraft.anvil":2,"stat.pickup.minecraft.brown_mushroom":2,"stat.killEntity.Witch":4,"stat.craftItem.minecraft.wooden_hoe":4,"stat.craftItem.minecraft.cooked_fish":11,"stat.pickup.minecraft.stained_hardened_clay":35,"stat.craftItem.minecraft.wooden_pickaxe":2,"stat.mineBlock.minecraft.vine":9,"stat.furnaceInteraction":195,"stat.killEntity.ZombieVillager":9,"stat.pickup.minecraft.furnace":1,"stat.mineBlock.minecraft.stained_hardened_clay":36,"stat.pickup.minecraft.iron_chestplate":1,"stat.useItem.minecraft.wheat_seeds":19,"stat.drop.minecraft.cooked_fish":4,"stat.useItem.minecraft.hopper":1,"stat.useItem.minecraft.dye":30,"stat.pickup.minecraft.bowl":1,"stat.deaths":2,"stat.playOneMinute":380780,"stat.craftItem.minecraft.wooden_shovel":2,"stat.pickup.minecraft.iron_bars":66,"stat.craftItem.minecraft.repeater":1,"stat.mineBlock.minecraft.tallgrass":5,"stat.fishCaught":94,"stat.chestOpened":106,"stat.useItem.minecraft.fish":14,"stat.useItem.minecraft.stone":7,"stat.pickup.minecraft.arrow":51,"stat.pickup.minecraft.waterlily":1,"stat.pickup.minecraft.wooden_pressure_plate":1,"stat.craftItem.minecraft.coal":23,"stat.fallOneCm":14852,"stat.pickup.minecraft.carrot":15,"stat.crouchOneCm":23417,"stat.craftItem.minecraft.chest":9,"stat.craftItem.minecraft.iron_ingot":29,"stat.craftItem.minecraft.hopper":2,"stat.craftingTableInteraction":70,"stat.mineBlock.minecraft.log2":23,"stat.pickup.minecraft.wooden_pickaxe":1,"stat.craftItem.minecraft.wooden_sword":2,"stat.pickup.minecraft.dye":8,"stat.pickup.minecraft.planks":98,"stat.pickup.minecraft.iron_leggings":1,"stat.pickup.minecraft.wheat_seeds":42,"stat.mineBlock.minecraft.gravel":21,"stat.useItem.minecraft.stone_pickaxe":32,"stat.mineBlock.minecraft.dirt":127,"stat.pickup.minecraft.poisonous_potato":5,"stat.useItem.minecraft.torch":68,"stat.useItem.minecraft.bread":26,"stat.pickup.minecraft.brewing_stand":1,"stat.drop.minecraft.rotten_flesh":6,"stat.pickup.minecraft.crafting_table":1,"stat.useItem.minecraft.log":1,"stat.craftItem.minecraft.crafting_table":1,"stat.useItem.minecraft.gravel":2,"stat.pickup.minecraft.log":34,"stat.useItem.minecraft.cooked_fish":8,"stat.pickup.minecraft.sapling":11,"stat.drop.minecraft.bow":1,"stat.pickup.minecraft.beetroot":4,"stat.craftItem.minecraft.planks":152,"stat.useItem.minecraft.iron_sword":560,"stat.craftItem.minecraft.fishing_rod":1,"stat.pickup.minecraft.book":48,"stat.mineBlock.minecraft.log":32,"stat.useItem.minecraft.beetroot_seeds":3,"stat.sneakTime":15052,"stat.mineBlock.minecraft.cobblestone_wall":7,"stat.drop.minecraft.bucket":1,"stat.useItem.minecraft.baked_potato":1,"stat.pickup.minecraft.cooked_fish":1,"stat.useItem.minecraft.wooden_axe":112,"stat.pickup.minecraft.stone_slab":126,"stat.useItem.minecraft.fishing_rod":275,"stat.drop.minecraft.stone_pickaxe":1,"stat.pickup.minecraft.bone":10,"stat.pickup.minecraft.stone_pickaxe":2,"stat.entityKilledBy.Witch":1,"stat.mineBlock.minecraft.stained_glass_pane":14,"stat.swimOneCm":31453,"stat.climbOneCm":5770,"stat.pickup.minecraft.enchanted_book":4,"stat.useItem.minecraft.dirt":74,"stat.useItem.minecraft.stone_slab2":101,"stat.pickup.minecraft.bow":5,"stat.pickup.minecraft.iron_boots":1,"stat.craftItem.minecraft.furnace":2,"stat.pickup.minecraft.anvil":4,"stat.pickup.minecraft.cobblestone":19,"stat.craftItem.minecraft.bow":1,"stat.flyOneCm":129642,"stat.pickup.minecraft.sandstone":10,"stat.pickup.minecraft.fish":103,"stat.pickup.minecraft.redstone":2,"stat.timeSinceDeath":97378,"stat.useItem.minecraft.wooden_slab":4,"stat.useItem.minecraft.potato":202,"stat.pickup.minecraft.stonebrick":9,"stat.pickup.minecraft.shield":3,"stat.pickup.minecraft.string":100,"stat.craftItem.minecraft.stone_slab2":0,"stat.drop.minecraft.anvil":1,"stat.sprintOneCm":258699,"stat.mineBlock.minecraft.stone_slab":3,"stat.craftItem.minecraft.stick":88,"stat.craftItem.minecraft.wooden_axe":2,"stat.useItem.minecraft.stone_slab":8,"stat.craftItem.minecraft.stone":15,"stat.mineBlock.minecraft.crafting_table":1,"stat.useItem.minecraft.carrot":13,"stat.useItem.minecraft.wooden_shovel":88,"stat.craftItem.minecraft.wooden_pressure_plate":1,"stat.useItem.minecraft.bucket":15,"stat.mineBlock.minecraft.planks":15,"stat.drop":17,"stat.useItem.minecraft.wooden_sword":90,"stat.pickup.minecraft.slime_ball":354,"stat.killEntity.Zombie":170,"stat.craftItem.minecraft.dye":30,"stat.drop.minecraft.bread":1,"stat.diveOneCm":15524,"stat.pickup.minecraft.wheat":22,"stat.craftItem.minecraft.piston":1,"stat.drop.minecraft.wooden_pickaxe":1,"stat.pickup.minecraft.gravel":21,"stat.mineBlock.minecraft.anvil":3,"stat.useItem.minecraft.rotten_flesh":6,"stat.pickup.minecraft.stone_brick_stairs":20,"stat.jump":1302,"stat.useItem.minecraft.wooden_hoe":175,"stat.pickup.minecraft.iron_helmet":1,"stat.pickup.minecraft.iron_ingot":25,"stat.craftItem.minecraft.bread":1,"stat.pickup.minecraft.spider_eye":6,"stat.craftItem.minecraft.torch":72,"stat.pickup.minecraft.dirt":128,"stat.mineBlock.minecraft.leaves2":1,"stat.brewingstandInteraction":2,"stat.damageTaken":3404,"stat.pickup.minecraft.leather":1,"stat.mineBlock.minecraft.torch":17,"stat.mineBlock.minecraft.furnace":1,"stat.useItem.minecraft.wooden_pickaxe":68,"stat.pickup.minecraft.log2":23,"stat.pickup.minecraft.potato":379,"stat.pickup.minecraft.diamond_axe":1,"stat.damageDealt":31315,"stat.craftItem.minecraft.baked_potato":91,"stat.craftItem.minecraft.iron_sword":4,"stat.walkOneCm":1087109,"stat.useItem.minecraft.chest":1,"stat.pickup.minecraft.stick":3,"stat.pickup.minecraft.stone":40,"stat.pickup.minecraft.baked_potato":17,"stat.useItem.minecraft.stained_hardened_clay":3,"stat.pickup.minecraft.ladder":4,"stat.killEntity.Skeleton":5,"stat.mineBlock.minecraft.stonebrick":2,"stat.killEntity.Spider":21,"stat.mobKills":212,"stat.mineBlock.minecraft.bookshelf":5,"stat.pickup.minecraft.water_bucket":1,"stat.useItem.minecraft.cobblestone_wall":2,"stat.mineBlock.minecraft.leaves":7,"stat.pickup.minecraft.beetroot_seeds":11,"stat.pickup.minecraft.torch":23,"stat.craftItem.minecraft.tripwire_hook":2,"stat.mineBlock.minecraft.stone":17,"stat.useItem.minecraft.sandstone":6}