{"stat.useItem.minecraft.bow":242,"stat.pickup.minecraft.wooden_slab":2,"stat.leaveGame":6,"stat.mineBlock.minecraft.sandstone":11,"stat.drop.minecraft.shield":1,"stat.useItem.minecraft.poisonous_potato":3,"stat.mineBlock.minecraft.stained_glass":12,"stat.pickup.minecraft.fishing_rod":4,"stat.useItem.minecraft.planks":31,"stat.mineBlock.minecraft.web":4,"stat.useItem.minecraft.water_bucket":15,"stat.pickup.minecraft.rotten_flesh":20,"stat.pickup.minecraft.name_tag":1,"stat.pickup.minecraft.cobblestone_wall":8,"stat.pickup.minecraft.bucket":1,"stat.mineBlock.minecraft.wooden_slab":1,"stat.pickup.minecraft.leather_boots":1,"stat.useItem.minecraft.anvil":2,"stat.pickup.minecraft.brown_mushroom":2,"stat.killEntity.Witch":4,"stat.craftItem.minecraft.wooden_hoe":4,"stat.craftItem.minecraft.cooked_fish":11,"stat.pickup.minecraft.stained_hardened_clay":28,"stat.craftItem.minecraft.wooden_pickaxe":2,"stat.mineBlock.minecraft.vine":9,"stat.furnaceInteraction":171,"stat.killEntity.ZombieVillager":4,"stat.pickup.minecraft.furnace":1,"stat.mineBlock.minecraft.stained_hardened_clay":22,"stat.pickup.minecraft.iron_chestplate":1,"stat.useItem.minecraft.wheat_seeds":19,"stat.drop.minecraft.cooked_fish":4,"stat.useItem.minecraft.dye":30,"stat.pickup.minecraft.bowl":1,"stat.deaths":2,"stat.playOneMinute":345673,"stat.craftItem.minecraft.wooden_shovel":2,"stat.craftItem.minecraft.repeater":1,"stat.mineBlock.minecraft.tallgrass":4,"stat.fishCaught":90,"stat.chestOpened":69,"stat.useItem.minecraft.fish":14,"stat.useItem.minecraft.stone":7,"stat.pickup.minecraft.arrow":49,"stat.pickup.minecraft.waterlily":1,"stat.pickup.minecraft.wooden_pressure_plate":1,"stat.craftItem.minecraft.coal":23,"stat.fallOneCm":13624,"stat.pickup.minecraft.carrot":8,"stat.crouchOneCm":23417,"stat.craftItem.minecraft.chest":1,"stat.craftItem.minecraft.iron_ingot":29,"stat.craftingTableInteraction":49,"stat.mineBlock.minecraft.log2":23,"stat.pickup.minecraft.wooden_pickaxe":1,"stat.craftItem.minecraft.wooden_sword":2,"stat.pickup.minecraft.dye":8,"stat.pickup.minecraft.planks":17,"stat.pickup.minecraft.iron_leggings":1,"stat.pickup.minecraft.wheat_seeds":32,"stat.mineBlock.minecraft.gravel":20,"stat.mineBlock.minecraft.dirt":124,"stat.pickup.minecraft.poisonous_potato":3,"stat.useItem.minecraft.torch":54,"stat.useItem.minecraft.bread":12,"stat.pickup.minecraft.brewing_stand":1,"stat.drop.minecraft.rotten_flesh":6,"stat.pickup.minecraft.crafting_table":1,"stat.useItem.minecraft.log":1,"stat.craftItem.minecraft.crafting_table":1,"stat.pickup.minecraft.log":34,"stat.useItem.minecraft.cooked_fish":8,"stat.pickup.minecraft.sapling":11,"stat.drop.minecraft.bow":1,"stat.pickup.minecraft.beetroot":4,"stat.craftItem.minecraft.planks":152,"stat.useItem.minecraft.iron_sword":239,"stat.craftItem.minecraft.fishing_rod":1,"stat.pickup.minecraft.book":48,"stat.mineBlock.minecraft.log":32,"stat.useItem.minecraft.beetroot_seeds":3,"stat.sneakTime":14782,"stat.mineBlock.minecraft.cobblestone_wall":4,"stat.drop.minecraft.bucket":1,"stat.useItem.minecraft.baked_potato":1,"stat.pickup.minecraft.cooked_fish":1,"stat.useItem.minecraft.wooden_axe":112,"stat.pickup.minecraft.stone_slab":9,"stat.useItem.minecraft.fishing_rod":265,"stat.drop.minecraft.stone_pickaxe":1,"stat.pickup.minecraft.bone":10,"stat.pickup.minecraft.stone_pickaxe":2,"stat.entityKilledBy.Witch":1,"stat.mineBlock.minecraft.stained_glass_pane":14,"stat.swimOneCm":31263,"stat.climbOneCm":5770,"stat.pickup.minecraft.enchanted_book":4,"stat.useItem.minecraft.dirt":71,"stat.useItem.minecraft.stone_slab2":95,"stat.pickup.minecraft.bow":4,"stat.pickup.minecraft.iron_boots":1,"stat.craftItem.minecraft.furnace":2,"stat.pickup.minecraft.anvil":4,"stat.pickup.minecraft.cobblestone":14,"stat.craftItem.minecraft.bow":1,"stat.flyOneCm":98713,"stat.pickup.minecraft.sandstone":10,"stat.pickup.minecraft.fish":95,"stat.pickup.minecraft.redstone":2,"stat.timeSinceDeath":62271,"stat.useItem.minecraft.wooden_slab":1,"stat.useItem.minecraft.potato":185,"stat.pickup.minecraft.stonebrick":2,"stat.pickup.minecraft.shield":2,"stat.pickup.minecraft.string":54,"stat.craftItem.minecraft.stone_slab2":0,"stat.drop.minecraft.anvil":1,"stat.sprintOneCm":189079,"stat.craftItem.minecraft.stick":88,"stat.craftItem.minecraft.wooden_axe":2,"stat.useItem.minecraft.stone_slab":2,"stat.craftItem.minecraft.stone":3,"stat.mineBlock.minecraft.crafting_table":1,"stat.useItem.minecraft.carrot":4,"stat.useItem.minecraft.wooden_shovel":88,"stat.craftItem.minecraft.wooden_pressure_plate":1,"stat.useItem.minecraft.bucket":15,"stat.mineBlock.minecraft.planks":10,"stat.drop":17,"stat.useItem.minecraft.wooden_sword":90,"stat.pickup.minecraft.slime_ball":138,"stat.killEntity.Zombie":84,"stat.craftItem.minecraft.dye":30,"stat.drop.minecraft.bread":1,"stat.diveOneCm":15524,"stat.pickup.minecraft.wheat":17,"stat.drop.minecraft.wooden_pickaxe":1,"stat.pickup.minecraft.gravel":20,"stat.mineBlock.minecraft.anvil":3,"stat.useItem.minecraft.rotten_flesh":4,"stat.jump":1144,"stat.useItem.minecraft.wooden_hoe":174,"stat.pickup.minecraft.iron_helmet":1,"stat.pickup.minecraft.iron_ingot":24,"stat.craftItem.minecraft.bread":1,"stat.pickup.minecraft.spider_eye":2,"stat.craftItem.minecraft.torch":72,"stat.pickup.minecraft.dirt":122,"stat.mineBlock.minecraft.leaves2":1,"stat.brewingstandInteraction":1,"stat.damageTaken":2661,"stat.pickup.minecraft.leather":1,"stat.mineBlock.minecraft.torch":15,"stat.mineBlock.minecraft.furnace":1,"stat.useItem.minecraft.wooden_pickaxe":68,"stat.pickup.minecraft.log2":23,"stat.pickup.minecraft.potato":328,"stat.pickup.minecraft.diamond_axe":1,"stat.damageDealt":14410,"stat.craftItem.minecraft.baked_potato":81,"stat.craftItem.minecraft.iron_sword":2,"stat.walkOneCm":955439,"stat.pickup.minecraft.stick":3,"stat.pickup.minecraft.stone":1,"stat.pickup.minecraft.baked_potato":17,"stat.useItem.minecraft.stained_hardened_clay":1,"stat.killEntity.Skeleton":5,"stat.mineBlock.minecraft.stonebrick":2,"stat.killEntity.Spider":13,"stat.mobKills":112,"stat.mineBlock.minecraft.bookshelf":5,"stat.pickup.minecraft.water_bucket":1,"stat.mineBlock.minecraft.leaves":7,"stat.pickup.minecraft.beetroot_seeds":11,"stat.pickup.minecraft.torch":19,"stat.craftItem.minecraft.tripwire_hook":2,"stat.mineBlock.minecraft.stone":13,"stat.useItem.minecraft.sandstone":6}