{"stat.useItem.minecraft.bow":251,"stat.pickup.minecraft.wooden_slab":153,"stat.leaveGame":9,"stat.mineBlock.minecraft.sandstone":13,"stat.drop.minecraft.shield":1,"stat.useItem.minecraft.poisonous_potato":9,"stat.mineBlock.minecraft.stained_glass":12,"stat.pickup.minecraft.fishing_rod":7,"stat.useItem.minecraft.planks":39,"stat.mineBlock.minecraft.web":9,"stat.useItem.minecraft.water_bucket":29,"stat.mineBlock.minecraft.stone_brick_stairs":4,"stat.pickup.minecraft.rotten_flesh":151,"stat.pickup.minecraft.sand":15,"stat.craftItem.minecraft.stone_axe":1,"stat.pickup.minecraft.name_tag":4,"stat.pickup.minecraft.cobblestone_wall":168,"stat.pickup.minecraft.bucket":1,"stat.killEntity.Enderman":1,"stat.mineBlock.minecraft.wooden_slab":13,"stat.pickup.minecraft.leather_boots":2,"stat.craftItem.minecraft.cobblestone_wall":132,"stat.useItem.minecraft.anvil":2,"stat.craftItem.minecraft.stone_sword":4,"stat.pickup.minecraft.brown_mushroom":2,"stat.mineBlock.minecraft.sand":15,"stat.killEntity.Witch":5,"stat.craftItem.minecraft.wooden_hoe":4,"stat.craftItem.minecraft.cooked_fish":15,"stat.useItem.minecraft.spider_eye":1,"stat.hopperInspected":57,"stat.useItem.minecraft.iron_pickaxe":183,"stat.pickup.minecraft.stained_hardened_clay":56,"stat.craftItem.minecraft.wooden_pickaxe":2,"stat.trappedChestTriggered":22,"stat.mineBlock.minecraft.vine":17,"stat.mineBlock.minecraft.hopper":3,"stat.drop.mw.steyr_aug_a1":1,"stat.pickup.minecraft.wooden_shovel":1,"stat.furnaceInteraction":308,"stat.craftItem.minecraft.observer":2,"stat.killEntity.ZombieVillager":15,"stat.pickup.minecraft.furnace":2,"stat.useItem.minecraft.redstone":72,"stat.mineBlock.minecraft.stained_hardened_clay":58,"stat.pickup.minecraft.iron_chestplate":1,"stat.pickup.minecraft.potion":7,"stat.useItem.minecraft.wheat_seeds":19,"stat.drop.minecraft.cooked_fish":4,"stat.useItem.minecraft.hopper":2,"stat.pickup.minecraft.saddle":2,"stat.useItem.minecraft.dye":32,"stat.pickup.minecraft.lever":4,"stat.pickup.minecraft.bowl":1,"stat.deaths":3,"stat.playOneMinute":743321,"stat.craftItem.minecraft.wooden_shovel":3,"stat.craftItem.minecraft.iron_pickaxe":1,"stat.pickup.minecraft.iron_bars":68,"stat.craftItem.minecraft.repeater":7,"stat.mineBlock.minecraft.tallgrass":11,"stat.fishCaught":246,"stat.chestOpened":328,"stat.useItem.minecraft.fish":20,"stat.useItem.minecraft.stone":23,"stat.pickup.minecraft.arrow":51,"stat.pickup.minecraft.waterlily":2,"stat.pickup.minecraft.wooden_pressure_plate":1,"stat.craftItem.minecraft.coal":23,"stat.fallOneCm":40601,"stat.pickup.minecraft.carrot":72,"stat.useItem.minecraft.trapped_chest":1,"stat.crouchOneCm":28528,"stat.mineBlock.minecraft.chest":4,"stat.craftItem.minecraft.chest":11,"stat.craftItem.minecraft.iron_ingot":44,"stat.mineBlock.minecraft.lever":3,"stat.craftItem.minecraft.hopper":2,"stat.drop.minecraft.slime_ball":11,"stat.craftingTableInteraction":135,"stat.pickup.minecraft.repeater":6,"stat.mineBlock.minecraft.log2":30,"stat.pickup.minecraft.wooden_pickaxe":1,"stat.drop.minecraft.bone":1,"stat.craftItem.minecraft.wooden_sword":2,"stat.pickup.minecraft.dye":8,"stat.pickup.minecraft.planks":140,"stat.pickup.minecraft.iron_leggings":1,"stat.pickup.minecraft.wheat_seeds":49,"stat.mineBlock.minecraft.gravel":38,"stat.useItem.minecraft.stone_pickaxe":316,"stat.useItem.minecraft.stone_sword":525,"stat.mineBlock.minecraft.dirt":256,"stat.pickup.minecraft.poisonous_potato":14,"stat.useItem.minecraft.torch":165,"stat.useItem.minecraft.bread":49,"stat.pickup.minecraft.brewing_stand":1,"stat.drop.minecraft.rotten_flesh":6,"stat.pickup.minecraft.crafting_table":3,"stat.useItem.minecraft.log":1,"stat.useItem.minecraft.cobblestone":26,"stat.craftItem.minecraft.crafting_table":3,"stat.useItem.minecraft.gravel":36,"stat.craftItem.minecraft.boat":1,"stat.pickup.minecraft.log":55,"stat.useItem.minecraft.cooked_fish":15,"stat.pickup.minecraft.hopper":3,"stat.pickup.minecraft.sapling":22,"stat.drop.minecraft.bow":1,"stat.pickup.minecraft.beetroot":4,"stat.craftItem.minecraft.planks":200,"stat.useItem.minecraft.iron_sword":966,"stat.itemEnchanted":6,"stat.pickup.mw.steyr_aug_a1":1,"stat.craftItem.minecraft.fishing_rod":1,"stat.pickup.minecraft.book":48,"stat.mineBlock.minecraft.log":53,"stat.useItem.minecraft.stone_hoe":119,"stat.useItem.minecraft.beetroot_seeds":3,"stat.sneakTime":18357,"stat.drop.mw.m16a4":2,"stat.mineBlock.minecraft.cobblestone_wall":116,"stat.drop.minecraft.bucket":1,"stat.useItem.minecraft.baked_potato":46,"stat.pickup.minecraft.cooked_fish":1,"stat.useItem.minecraft.wooden_axe":112,"stat.pickup.minecraft.stone_slab":269,"stat.pickup.minecraft.yellow_flower":1,"stat.craftItem.minecraft.trapped_chest":2,"stat.pickup.minecraft.trapped_chest":1,"stat.useItem.minecraft.fishing_rod":683,"stat.pickup.minecraft.chest":5,"stat.drop.minecraft.stone_pickaxe":1,"stat.pickup.minecraft.tripwire_hook":1,"stat.pickup.minecraft.bone":13,"stat.craftItem.minecraft.sticky_piston":5,"stat.pickup.minecraft.redstone_torch":2,"stat.useItem.minecraft.repeater":8,"stat.mineBlock.minecraft.cobblestone":2,"stat.pickup.minecraft.stone_pickaxe":2,"stat.mineBlock.minecraft.yellow_flower":3,"stat.entityKilledBy.Witch":1,"stat.mineBlock.minecraft.brown_mushroom":1,"stat.mineBlock.minecraft.stained_glass_pane":14,"stat.pickup.mw.sulfurdust":10,"stat.swimOneCm":94250,"stat.drop.minecraft.saddle":1,"stat.climbOneCm":17294,"stat.pickup.minecraft.enchanted_book":6,"stat.mineBlock.mw.sulfurore":10,"stat.useItem.minecraft.dirt":211,"stat.useItem.minecraft.stone_slab2":187,"stat.pickup.minecraft.bow":9,"stat.pickup.minecraft.iron_boots":2,"stat.craftItem.minecraft.furnace":16,"stat.pickup.minecraft.anvil":4,"stat.craftItem.minecraft.stone_pickaxe":2,"stat.pickup.minecraft.cobblestone":258,"stat.craftItem.minecraft.bow":1,"stat.flyOneCm":527243,"stat.pickup.minecraft.sandstone":12,"stat.pickup.minecraft.fish":252,"stat.pickup.minecraft.redstone":143,"stat.mineBlock.minecraft.iron_ore":2,"stat.timeSinceDeath":335189,"stat.useItem.minecraft.wooden_slab":16,"stat.drop.minecraft.name_tag":1,"stat.useItem.minecraft.potato":697,"stat.pickup.minecraft.stonebrick":345,"stat.drop.minecraft.dirt":1,"stat.mineBlock.minecraft.coal_ore":19,"stat.pickup.minecraft.shield":3,"stat.craftItem.minecraft.stone_hoe":1,"stat.drop.minecraft.baked_potato":21,"stat.pickup.minecraft.string":135,"stat.craftItem.minecraft.stone_slab2":0,"stat.drop.minecraft.anvil":1,"stat.sprintOneCm":795194,"stat.mineBlock.minecraft.stone_slab":89,"stat.craftItem.minecraft.stick":124,"stat.craftItem.minecraft.wooden_axe":2,"stat.drop.minecraft.stone_hoe":1,"stat.useItem.minecraft.stone_slab":82,"stat.craftItem.minecraft.stone":30,"stat.mineBlock.minecraft.crafting_table":3,"stat.useItem.minecraft.carrot":31,"stat.useItem.minecraft.wooden_shovel":175,"stat.craftItem.minecraft.wooden_pressure_plate":1,"stat.useItem.minecraft.bucket":28,"stat.mineBlock.minecraft.planks":25,"stat.drop":57,"stat.useItem.minecraft.wooden_sword":90,"stat.pickup.minecraft.slime_ball":592,"stat.killEntity.Zombie":341,"stat.craftItem.minecraft.dye":30,"stat.drop.minecraft.bread":1,"stat.diveOneCm":42351,"stat.pickup.minecraft.wheat":25,"stat.craftItem.minecraft.piston":5,"stat.useItem.minecraft.sticky_piston":4,"stat.drop.minecraft.wooden_pickaxe":1,"stat.pickup.minecraft.gravel":46,"stat.mineBlock.minecraft.anvil":3,"stat.pickup.minecraft.stone_axe":2,"stat.useItem.minecraft.rotten_flesh":53,"stat.pickup.minecraft.stone_brick_stairs":20,"stat.jump":3670,"stat.useItem.minecraft.sand":14,"stat.useItem.minecraft.wooden_hoe":228,"stat.pickup.minecraft.iron_helmet":1,"stat.pickup.minecraft.coal":19,"stat.pickup.minecraft.iron_ingot":25,"stat.craftItem.minecraft.lever":1,"stat.useItem.minecraft.stone_axe":76,"stat.useItem.minecraft.piston":3,"stat.craftItem.minecraft.bread":1,"stat.pickup.minecraft.spider_eye":21,"stat.craftItem.minecraft.torch":84,"stat.pickup.minecraft.dirt":308,"stat.pickup.minecraft.iron_ore":2,"stat.boatOneCm":23820,"stat.mineBlock.minecraft.iron_bars":5,"stat.useItem.minecraft.sapling":9,"stat.mineBlock.minecraft.leaves2":1,"stat.brewingstandInteraction":3,"stat.damageTaken":9273,"stat.pickup.minecraft.leather":1,"stat.pickup.mw.stanag100":3,"stat.mineBlock.minecraft.torch":77,"stat.mineBlock.minecraft.furnace":2,"stat.useItem.minecraft.wooden_pickaxe":116,"stat.pickup.minecraft.log2":30,"stat.pickup.minecraft.reeds":6,"stat.pickup.minecraft.quartz_block":7,"stat.pickup.minecraft.potato":1365,"stat.pickup.minecraft.diamond_axe":1,"stat.entityKilledBy.Zombie":1,"stat.damageDealt":86252,"stat.craftItem.minecraft.baked_potato":98,"stat.useItem.minecraft.crafting_table":1,"stat.craftItem.minecraft.iron_sword":5,"stat.pickup.minecraft.piston":4,"stat.walkOneCm":2352951,"stat.useItem.minecraft.chest":6,"stat.pickup.minecraft.stick":28,"stat.mineBlock.minecraft.trapped_chest":1,"stat.pickup.minecraft.stone":47,"stat.pickup.minecraft.baked_potato":173,"stat.pickup.mw.m16a4":4,"stat.useItem.minecraft.stained_hardened_clay":14,"stat.pickup.minecraft.ender_pearl":1,"stat.pickup.minecraft.ladder":4,"stat.killEntity.Skeleton":5,"stat.mineBlock.minecraft.stonebrick":2,"stat.mineBlock.minecraft.redstone_torch":3,"stat.killEntity.Spider":65,"stat.mobKills":428,"stat.mineBlock.minecraft.bookshelf":17,"stat.pickup.minecraft.quartz":3,"stat.useItem.minecraft.boat":1,"stat.pickup.minecraft.water_bucket":1,"stat.useItem.minecraft.cobblestone_wall":182,"stat.mineBlock.minecraft.leaves":21,"stat.pickup.minecraft.beetroot_seeds":11,"stat.mineBlock.minecraft.piston":4,"stat.pickup.minecraft.torch":102,"stat.mineBlock.minecraft.redstone_ore":9,"stat.craftItem.minecraft.tripwire_hook":4,"stat.mineBlock.minecraft.stone":228,"stat.useItem.minecraft.sandstone":6}