{"stat.useItem.minecraft.bow":251,"stat.pickup.minecraft.wooden_slab":153,"stat.leaveGame":9,"stat.mineBlock.minecraft.sandstone":11,"stat.drop.minecraft.shield":1,"stat.useItem.minecraft.poisonous_potato":5,"stat.mineBlock.minecraft.stained_glass":12,"stat.pickup.minecraft.fishing_rod":5,"stat.useItem.minecraft.planks":31,"stat.mineBlock.minecraft.web":6,"stat.useItem.minecraft.water_bucket":15,"stat.mineBlock.minecraft.stone_brick_stairs":4,"stat.pickup.minecraft.rotten_flesh":63,"stat.craftItem.minecraft.stone_axe":1,"stat.pickup.minecraft.name_tag":1,"stat.pickup.minecraft.cobblestone_wall":84,"stat.pickup.minecraft.bucket":1,"stat.killEntity.Enderman":1,"stat.mineBlock.minecraft.wooden_slab":13,"stat.pickup.minecraft.leather_boots":1,"stat.craftItem.minecraft.cobblestone_wall":132,"stat.useItem.minecraft.anvil":2,"stat.craftItem.minecraft.stone_sword":3,"stat.pickup.minecraft.brown_mushroom":2,"stat.killEntity.Witch":5,"stat.craftItem.minecraft.wooden_hoe":4,"stat.craftItem.minecraft.cooked_fish":15,"stat.hopperInspected":14,"stat.pickup.minecraft.stained_hardened_clay":42,"stat.craftItem.minecraft.wooden_pickaxe":2,"stat.trappedChestTriggered":16,"stat.mineBlock.minecraft.vine":9,"stat.mineBlock.minecraft.hopper":3,"stat.furnaceInteraction":232,"stat.killEntity.ZombieVillager":9,"stat.pickup.minecraft.furnace":2,"stat.mineBlock.minecraft.stained_hardened_clay":44,"stat.pickup.minecraft.iron_chestplate":1,"stat.pickup.minecraft.potion":1,"stat.useItem.minecraft.wheat_seeds":19,"stat.drop.minecraft.cooked_fish":4,"stat.useItem.minecraft.hopper":2,"stat.useItem.minecraft.dye":32,"stat.pickup.minecraft.bowl":1,"stat.deaths":3,"stat.playOneMinute":475121,"stat.craftItem.minecraft.wooden_shovel":2,"stat.pickup.minecraft.iron_bars":66,"stat.craftItem.minecraft.repeater":1,"stat.mineBlock.minecraft.tallgrass":5,"stat.fishCaught":137,"stat.chestOpened":171,"stat.useItem.minecraft.fish":14,"stat.useItem.minecraft.stone":15,"stat.pickup.minecraft.arrow":51,"stat.pickup.minecraft.waterlily":1,"stat.pickup.minecraft.wooden_pressure_plate":1,"stat.craftItem.minecraft.coal":23,"stat.fallOneCm":18779,"stat.pickup.minecraft.carrot":72,"stat.useItem.minecraft.trapped_chest":1,"stat.crouchOneCm":24370,"stat.mineBlock.minecraft.chest":4,"stat.craftItem.minecraft.chest":11,"stat.craftItem.minecraft.iron_ingot":29,"stat.craftItem.minecraft.hopper":2,"stat.craftingTableInteraction":95,"stat.mineBlock.minecraft.log2":30,"stat.pickup.minecraft.wooden_pickaxe":1,"stat.craftItem.minecraft.wooden_sword":2,"stat.pickup.minecraft.dye":8,"stat.pickup.minecraft.planks":102,"stat.pickup.minecraft.iron_leggings":1,"stat.pickup.minecraft.wheat_seeds":48,"stat.mineBlock.minecraft.gravel":21,"stat.useItem.minecraft.stone_pickaxe":48,"stat.useItem.minecraft.stone_sword":183,"stat.mineBlock.minecraft.dirt":129,"stat.pickup.minecraft.poisonous_potato":8,"stat.useItem.minecraft.torch":102,"stat.useItem.minecraft.bread":35,"stat.pickup.minecraft.brewing_stand":1,"stat.drop.minecraft.rotten_flesh":6,"stat.pickup.minecraft.crafting_table":3,"stat.useItem.minecraft.log":1,"stat.craftItem.minecraft.crafting_table":1,"stat.useItem.minecraft.gravel":2,"stat.pickup.minecraft.log":52,"stat.useItem.minecraft.cooked_fish":15,"stat.pickup.minecraft.hopper":3,"stat.pickup.minecraft.sapling":21,"stat.drop.minecraft.bow":1,"stat.pickup.minecraft.beetroot":4,"stat.craftItem.minecraft.planks":188,"stat.useItem.minecraft.iron_sword":739,"stat.craftItem.minecraft.fishing_rod":1,"stat.pickup.minecraft.book":48,"stat.mineBlock.minecraft.log":50,"stat.useItem.minecraft.beetroot_seeds":3,"stat.sneakTime":17043,"stat.mineBlock.minecraft.cobblestone_wall":29,"stat.drop.minecraft.bucket":1,"stat.useItem.minecraft.baked_potato":2,"stat.pickup.minecraft.cooked_fish":1,"stat.useItem.minecraft.wooden_axe":112,"stat.pickup.minecraft.stone_slab":126,"stat.pickup.minecraft.yellow_flower":1,"stat.craftItem.minecraft.trapped_chest":2,"stat.pickup.minecraft.trapped_chest":1,"stat.useItem.minecraft.fishing_rod":365,"stat.pickup.minecraft.chest":5,"stat.drop.minecraft.stone_pickaxe":1,"stat.pickup.minecraft.bone":10,"stat.pickup.minecraft.stone_pickaxe":2,"stat.mineBlock.minecraft.yellow_flower":2,"stat.entityKilledBy.Witch":1,"stat.mineBlock.minecraft.stained_glass_pane":14,"stat.swimOneCm":31953,"stat.climbOneCm":5770,"stat.pickup.minecraft.enchanted_book":4,"stat.useItem.minecraft.dirt":104,"stat.useItem.minecraft.stone_slab2":130,"stat.pickup.minecraft.bow":5,"stat.pickup.minecraft.iron_boots":2,"stat.craftItem.minecraft.furnace":2,"stat.pickup.minecraft.anvil":4,"stat.pickup.minecraft.cobblestone":21,"stat.craftItem.minecraft.bow":1,"stat.flyOneCm":215372,"stat.pickup.minecraft.sandstone":10,"stat.pickup.minecraft.fish":145,"stat.pickup.minecraft.redstone":2,"stat.timeSinceDeath":66989,"stat.useItem.minecraft.wooden_slab":16,"stat.useItem.minecraft.potato":275,"stat.pickup.minecraft.stonebrick":338,"stat.pickup.minecraft.shield":3,"stat.pickup.minecraft.string":102,"stat.craftItem.minecraft.stone_slab2":0,"stat.drop.minecraft.anvil":1,"stat.sprintOneCm":394752,"stat.mineBlock.minecraft.stone_slab":3,"stat.craftItem.minecraft.stick":88,"stat.craftItem.minecraft.wooden_axe":2,"stat.useItem.minecraft.stone_slab":8,"stat.craftItem.minecraft.stone":15,"stat.mineBlock.minecraft.crafting_table":3,"stat.useItem.minecraft.carrot":21,"stat.useItem.minecraft.wooden_shovel":88,"stat.craftItem.minecraft.wooden_pressure_plate":1,"stat.useItem.minecraft.bucket":15,"stat.mineBlock.minecraft.planks":19,"stat.drop":17,"stat.useItem.minecraft.wooden_sword":90,"stat.pickup.minecraft.slime_ball":432,"stat.killEntity.Zombie":235,"stat.craftItem.minecraft.dye":30,"stat.drop.minecraft.bread":1,"stat.diveOneCm":17302,"stat.pickup.minecraft.wheat":25,"stat.craftItem.minecraft.piston":1,"stat.drop.minecraft.wooden_pickaxe":1,"stat.pickup.minecraft.gravel":21,"stat.mineBlock.minecraft.anvil":3,"stat.useItem.minecraft.rotten_flesh":6,"stat.pickup.minecraft.stone_brick_stairs":20,"stat.jump":1746,"stat.useItem.minecraft.wooden_hoe":175,"stat.pickup.minecraft.iron_helmet":1,"stat.pickup.minecraft.iron_ingot":25,"stat.useItem.minecraft.stone_axe":35,"stat.craftItem.minecraft.bread":1,"stat.pickup.minecraft.spider_eye":11,"stat.craftItem.minecraft.torch":72,"stat.pickup.minecraft.dirt":129,"stat.mineBlock.minecraft.iron_bars":3,"stat.useItem.minecraft.sapling":9,"stat.mineBlock.minecraft.leaves2":1,"stat.brewingstandInteraction":2,"stat.damageTaken":4772,"stat.pickup.minecraft.leather":1,"stat.mineBlock.minecraft.torch":36,"stat.mineBlock.minecraft.furnace":2,"stat.useItem.minecraft.wooden_pickaxe":98,"stat.pickup.minecraft.log2":30,"stat.pickup.minecraft.quartz_block":6,"stat.pickup.minecraft.potato":555,"stat.pickup.minecraft.diamond_axe":1,"stat.entityKilledBy.Zombie":1,"stat.damageDealt":51695,"stat.craftItem.minecraft.baked_potato":91,"stat.useItem.minecraft.crafting_table":1,"stat.craftItem.minecraft.iron_sword":4,"stat.walkOneCm":1380068,"stat.useItem.minecraft.chest":6,"stat.pickup.minecraft.stick":3,"stat.mineBlock.minecraft.trapped_chest":1,"stat.pickup.minecraft.stone":40,"stat.pickup.minecraft.baked_potato":81,"stat.useItem.minecraft.stained_hardened_clay":11,"stat.pickup.minecraft.ender_pearl":1,"stat.pickup.minecraft.ladder":4,"stat.killEntity.Skeleton":5,"stat.mineBlock.minecraft.stonebrick":2,"stat.killEntity.Spider":26,"stat.mobKills":285,"stat.mineBlock.minecraft.bookshelf":5,"stat.pickup.minecraft.water_bucket":1,"stat.useItem.minecraft.cobblestone_wall":50,"stat.mineBlock.minecraft.leaves":21,"stat.pickup.minecraft.beetroot_seeds":11,"stat.pickup.minecraft.torch":44,"stat.craftItem.minecraft.tripwire_hook":4,"stat.mineBlock.minecraft.stone":19,"stat.useItem.minecraft.sandstone":6}